:START_ID,:END_ID,:TYPE
researchgraph.org/ands/102.100.100/10064,researchgraph.org/ands/dixVvbpqjA1te4wsPieS6zGgZqwv0qS3zfOVh4bqu2KzW7RCfWlc,hasAssociationWith
researchgraph.org/ands/e24b9a23-8e41-45c7-a040-623aff2e16e3,researchgraph.org/ands/0874ad60-ab4d-11df-aebd-0002a5d5c51b,hasAssociationWith
researchgraph.org/ands/10378.3/8085/1018.1071,"researchgraph.org/ands/Contributor:Queensland University of Technology",hasAssociationWith
researchgraph.org/ands/10378.3/8085/1018.206,"researchgraph.org/ands/Contributor:Queensland University of Technology",hasAssociationWith
researchgraph.org/ands/10378.3/8085/1018.2623,"researchgraph.org/ands/Contributor:Queensland University of Technology",hasAssociationWith
researchgraph.org/ands/10378.3/8085/1018.255,"researchgraph.org/ands/Contributor:Queensland University of Technology",hasAssociationWith
researchgraph.org/ands/10378.3/8085/1018.151,"researchgraph.org/ands/Contributor:Queensland University of Technology",hasAssociationWith
researchgraph.org/ands/10378.3/8085/1018.13422,"researchgraph.org/ands/Contributor:Queensland University of Technology",hasAssociationWith
researchgraph.org/ands/10378.3/8085/1018.360,"researchgraph.org/ands/Contributor:Queensland University of Technology",hasAssociationWith
researchgraph.org/ands/10378.3/8085/1018.13410,"researchgraph.org/ands/Contributor:Queensland University of Technology",hasAssociationWith
researchgraph.org/ands/10378.3/8085/1018.13421,"researchgraph.org/ands/Contributor:Queensland University of Technology",hasAssociationWith
researchgraph.org/ands/10378.3/8085/1018.13435,"researchgraph.org/ands/Contributor:Queensland University of Technology",hasAssociationWith
researchgraph.org/ands/10378.3/8085/1018.13419,"researchgraph.org/ands/Contributor:Queensland University of Technology",hasAssociationWith
researchgraph.org/ands/10378.3/8085/1018.13363,"researchgraph.org/ands/Contributor:Queensland University of Technology",hasAssociationWith
researchgraph.org/ands/10378.3/8085/1018.13376,"researchgraph.org/ands/Contributor:Queensland University of Technology",hasAssociationWith
researchgraph.org/ands/10378.3/8085/1018.13434,"researchgraph.org/ands/Contributor:Queensland University of Technology",hasAssociationWith
researchgraph.org/ands/10378.3/8085/1018.1629,"researchgraph.org/ands/Contributor:Queensland University of Technology",hasAssociationWith
researchgraph.org/ands/10378.3/8085/1018.259,"researchgraph.org/ands/Contributor:Queensland University of Technology",hasAssociationWith
researchgraph.org/ands/10378.3/8085/1018.13366,"researchgraph.org/ands/Contributor:Queensland University of Technology",hasAssociationWith
researchgraph.org/ands/10378.3/8085/1018.13378,"researchgraph.org/ands/Contributor:Queensland University of Technology",hasAssociationWith
researchgraph.org/ands/10378.3/8085/1018.2593,"researchgraph.org/ands/Contributor:Queensland University of Technology",hasAssociationWith
researchgraph.org/ands/10378.3/8085/1018.13374,"researchgraph.org/ands/Contributor:Queensland University of Technology",hasAssociationWith
researchgraph.org/ands/10378.3/8085/1018.661,"researchgraph.org/ands/Contributor:Queensland University of Technology",hasAssociationWith
researchgraph.org/ands/10378.3/8085/1018.13349,"researchgraph.org/ands/Contributor:Queensland University of Technology",hasAssociationWith
researchgraph.org/ands/10378.3/8085/1018.13359,"researchgraph.org/ands/Contributor:Queensland University of Technology",hasAssociationWith
researchgraph.org/ands/10378.3/8085/1018.13403,"researchgraph.org/ands/Contributor:Queensland University of Technology",hasAssociationWith
researchgraph.org/ands/10378.3/8085/1018.13407,"researchgraph.org/ands/Contributor:Queensland University of Technology",hasAssociationWith
researchgraph.org/ands/10378.3/8085/1018.1860,"researchgraph.org/ands/Contributor:Queensland University of Technology",hasAssociationWith
researchgraph.org/ands/10378.3/8085/1018.13354,"researchgraph.org/ands/Contributor:Queensland University of Technology",hasAssociationWith
researchgraph.org/ands/10378.3/8085/1018.901,"researchgraph.org/ands/Contributor:Queensland University of Technology",hasAssociationWith
researchgraph.org/ands/10378.3/8085/1018.12611,"researchgraph.org/ands/Contributor:Queensland University of Technology",hasAssociationWith
researchgraph.org/ands/10378.3/8085/1018.13352,"researchgraph.org/ands/Contributor:Queensland University of Technology",hasAssociationWith
researchgraph.org/ands/10378.3/8085/1018.2618,"researchgraph.org/ands/Contributor:Queensland University of Technology",hasAssociationWith
researchgraph.org/ands/10378.3/8085/1018.13439,"researchgraph.org/ands/Contributor:Queensland University of Technology",hasAssociationWith
researchgraph.org/ands/10378.3/8085/1018.13436,"researchgraph.org/ands/Contributor:Queensland University of Technology",hasAssociationWith
researchgraph.org/ands/10378.3/8085/1018.13432,"researchgraph.org/ands/Contributor:Queensland University of Technology",hasAssociationWith
researchgraph.org/ands/10378.3/8085/1018.13433,"researchgraph.org/ands/Contributor:Queensland University of Technology",hasAssociationWith
researchgraph.org/ands/10378.3/8085/1018.13431,"researchgraph.org/ands/Contributor:Queensland University of Technology",hasAssociationWith
researchgraph.org/ands/10378.3/8085/1018.13430,"researchgraph.org/ands/Contributor:Queensland University of Technology",hasAssociationWith
researchgraph.org/ands/10378.3/8085/1018.13424,"researchgraph.org/ands/Contributor:Queensland University of Technology",hasAssociationWith
researchgraph.org/ands/10378.3/8085/1018.13411,"researchgraph.org/ands/Contributor:Queensland University of Technology",hasAssociationWith
researchgraph.org/ands/10378.3/8085/1018.1399,"researchgraph.org/ands/Contributor:Queensland University of Technology",hasAssociationWith
researchgraph.org/ands/10378.3/8085/1018.13388,"researchgraph.org/ands/Contributor:Queensland University of Technology",hasAssociationWith
researchgraph.org/ands/10378.3/8085/1018.1355,"researchgraph.org/ands/Contributor:Queensland University of Technology",hasAssociationWith
researchgraph.org/ands/10378.3/8085/1018.480,"researchgraph.org/ands/Contributor:Queensland University of Technology",hasAssociationWith
researchgraph.org/ands/10378.3/8085/1018.2602,"researchgraph.org/ands/Contributor:Queensland University of Technology",hasAssociationWith
researchgraph.org/ands/10378.3/8085/1018.13360,"researchgraph.org/ands/Contributor:Queensland University of Technology",hasAssociationWith
researchgraph.org/ands/10378.3/8085/1018.13368,"researchgraph.org/ands/Contributor:Queensland University of Technology",hasAssociationWith
researchgraph.org/ands/10378.3/8085/1018.2629,"researchgraph.org/ands/Contributor:Queensland University of Technology",hasAssociationWith
researchgraph.org/ands/10378.3/8085/1018.472,"researchgraph.org/ands/Contributor:Queensland University of Technology",hasAssociationWith
researchgraph.org/ands/10378.3/8085/1018.1152,"researchgraph.org/ands/Contributor:Queensland University of Technology",hasAssociationWith
researchgraph.org/ands/10378.3/8085/1018.13385,"researchgraph.org/ands/Contributor:Queensland University of Technology",hasAssociationWith
researchgraph.org/ands/10378.3/8085/1018.13428,"researchgraph.org/ands/Contributor:Queensland University of Technology",hasAssociationWith
researchgraph.org/ands/10378.3/8085/1018.13427,"researchgraph.org/ands/Contributor:Queensland University of Technology",hasAssociationWith
researchgraph.org/ands/10378.3/8085/1018.13409,"researchgraph.org/ands/Contributor:Queensland University of Technology",hasAssociationWith
researchgraph.org/ands/10378.3/8085/1018.13408,"researchgraph.org/ands/Contributor:Queensland University of Technology",hasAssociationWith
researchgraph.org/ands/10378.3/8085/1018.13380,"researchgraph.org/ands/Contributor:Queensland University of Technology",hasAssociationWith
researchgraph.org/ands/10378.3/8085/1018.13426,"researchgraph.org/ands/Contributor:Queensland University of Technology",hasAssociationWith
researchgraph.org/ands/10378.3/8085/1018.12088,"researchgraph.org/ands/Contributor:Queensland University of Technology",hasAssociationWith
researchgraph.org/ands/10378.3/8085/1018.13425,"researchgraph.org/ands/Contributor:Queensland University of Technology",hasAssociationWith
researchgraph.org/ands/10378.3/8085/1018.13389,"researchgraph.org/ands/Contributor:Queensland University of Technology",hasAssociationWith
researchgraph.org/ands/10378.3/8085/1018.13367,"researchgraph.org/ands/Contributor:Queensland University of Technology",hasAssociationWith
researchgraph.org/ands/10378.3/8085/1018.2598,"researchgraph.org/ands/Contributor:Queensland University of Technology",hasAssociationWith
researchgraph.org/ands/10378.3/8085/1018.2585,"researchgraph.org/ands/Contributor:Queensland University of Technology",hasAssociationWith
researchgraph.org/ands/10378.3/8085/1018.13369,"researchgraph.org/ands/Contributor:Queensland University of Technology",hasAssociationWith
researchgraph.org/ands/10378.3/8085/1018.2586,"researchgraph.org/ands/Contributor:Queensland University of Technology",hasAssociationWith
researchgraph.org/ands/10378.3/8085/1018.13351,"researchgraph.org/ands/Contributor:Queensland University of Technology",hasAssociationWith
researchgraph.org/ands/10378.3/8085/1018.13353,"researchgraph.org/ands/Contributor:Queensland University of Technology",hasAssociationWith
researchgraph.org/ands/10378.3/8085/1018.13387,"researchgraph.org/ands/Contributor:Queensland University of Technology",hasAssociationWith
researchgraph.org/ands/10378.3/8085/1018.13384,"researchgraph.org/ands/Contributor:Queensland University of Technology",hasAssociationWith
researchgraph.org/ands/10378.3/8085/1018.13364,"researchgraph.org/ands/Contributor:Queensland University of Technology",hasAssociationWith
researchgraph.org/ands/10378.3/8085/1018.13379,"researchgraph.org/ands/Contributor:Queensland University of Technology",hasAssociationWith
researchgraph.org/ands/10378.3/8085/1018.13429,"researchgraph.org/ands/Contributor:Queensland University of Technology",hasAssociationWith
researchgraph.org/ands/10378.3/8085/1018.2603,"researchgraph.org/ands/Contributor:Queensland University of Technology",hasAssociationWith
researchgraph.org/ands/10378.3/8085/1018.13370,"researchgraph.org/ands/Contributor:Queensland University of Technology",hasAssociationWith
researchgraph.org/ands/10378.3/8085/1018.45,"researchgraph.org/ands/Contributor:Queensland University of Technology",hasAssociationWith
researchgraph.org/ands/10378.3/8085/1018.13365,"researchgraph.org/ands/Contributor:Queensland University of Technology",hasAssociationWith
researchgraph.org/ands/10378.3/8085/1018.13390,"researchgraph.org/ands/Contributor:Queensland University of Technology",hasAssociationWith
researchgraph.org/ands/10378.3/8085/1018.13382,"researchgraph.org/ands/Contributor:Queensland University of Technology",hasAssociationWith
researchgraph.org/ands/10378.3/8085/1018.13383,"researchgraph.org/ands/Contributor:Queensland University of Technology",hasAssociationWith
researchgraph.org/ands/10378.3/8085/1018.658,"researchgraph.org/ands/Contributor:Queensland University of Technology",hasAssociationWith
researchgraph.org/ands/10378.3/8085/1018.13361,"researchgraph.org/ands/Contributor:Queensland University of Technology",hasAssociationWith
researchgraph.org/ands/10378.3/8085/1018.1409,"researchgraph.org/ands/Contributor:Queensland University of Technology",hasAssociationWith
researchgraph.org/ands/10378.3/8085/1018.13401,"researchgraph.org/ands/Contributor:Queensland University of Technology",hasAssociationWith
researchgraph.org/ands/10378.3/8085/1018.1084,"researchgraph.org/ands/Contributor:Queensland University of Technology",hasAssociationWith
researchgraph.org/ands/10378.3/8085/1018.13373,"researchgraph.org/ands/Contributor:Queensland University of Technology",hasAssociationWith
researchgraph.org/ands/10378.3/8085/1018.13381,"researchgraph.org/ands/Contributor:Queensland University of Technology",hasAssociationWith
researchgraph.org/ands/10378.3/8085/1018.13371,"researchgraph.org/ands/Contributor:Queensland University of Technology",hasAssociationWith
researchgraph.org/ands/10378.3/8085/1018.13438,"researchgraph.org/ands/Contributor:Queensland University of Technology",hasAssociationWith
researchgraph.org/ands/10378.3/8085/1018.13423,"researchgraph.org/ands/Contributor:Queensland University of Technology",hasAssociationWith
researchgraph.org/ands/10378.3/8085/1018.13420,"researchgraph.org/ands/Contributor:Queensland University of Technology",hasAssociationWith
researchgraph.org/ands/10378.3/8085/1018.13418,"researchgraph.org/ands/Contributor:Queensland University of Technology",hasAssociationWith
researchgraph.org/ands/10378.3/8085/1018.13417,"researchgraph.org/ands/Contributor:Queensland University of Technology",hasAssociationWith
researchgraph.org/ands/10378.3/8085/1018.13415,"researchgraph.org/ands/Contributor:Queensland University of Technology",hasAssociationWith
researchgraph.org/ands/10378.3/8085/1018.13375,"researchgraph.org/ands/Contributor:Queensland University of Technology",hasAssociationWith
researchgraph.org/ands/10378.3/8085/1018.13386,"researchgraph.org/ands/Contributor:Queensland University of Technology",hasAssociationWith
researchgraph.org/ands/10378.3/8085/1018.13362,"researchgraph.org/ands/Contributor:Queensland University of Technology",hasAssociationWith
researchgraph.org/ands/10378.3/8085/1018.2578,"researchgraph.org/ands/Contributor:Queensland University of Technology",hasAssociationWith
researchgraph.org/ands/10378.3/8085/1018.1240,"researchgraph.org/ands/Contributor:Queensland University of Technology",hasAssociationWith
researchgraph.org/ands/10378.3/8085/1018.13377,"researchgraph.org/ands/Contributor:Queensland University of Technology",hasAssociationWith
researchgraph.org/ands/10378.3/8085/1018.2576,"researchgraph.org/ands/Contributor:Queensland University of Technology",hasAssociationWith
researchgraph.org/ands/10378.3/8085/1018.2579,"researchgraph.org/ands/Contributor:Queensland University of Technology",hasAssociationWith
researchgraph.org/ands/10378.3/8085/1018.13391,"researchgraph.org/ands/Contributor:Queensland University of Technology",hasAssociationWith
researchgraph.org/ands/10378.3/8085/1018.13350,"researchgraph.org/ands/Contributor:Queensland University of Technology",hasAssociationWith
researchgraph.org/ands/10378.3/8085/1018.13372,"researchgraph.org/ands/Contributor:Queensland University of Technology",hasAssociationWith
researchgraph.org/ands/10378.3/8085/1018.2616,"researchgraph.org/ands/Contributor:Queensland University of Technology",hasAssociationWith
researchgraph.org/ands/10378.3/8085/1018.2610,"researchgraph.org/ands/Contributor:Queensland University of Technology",hasAssociationWith
researchgraph.org/ands/10378.3/8085/1018.13357,"researchgraph.org/ands/Contributor:Queensland University of Technology",hasAssociationWith
researchgraph.org/ands/10378.3/8085/1018.13355,"researchgraph.org/ands/Contributor:Queensland University of Technology",hasAssociationWith
researchgraph.org/ands/10378.3/8085/1018.11611,"researchgraph.org/ands/Contributor:Queensland University of Technology",hasAssociationWith
researchgraph.org/ands/10378.3/8085/1018.13402,"researchgraph.org/ands/Contributor:Queensland University of Technology",hasAssociationWith
researchgraph.org/ands/10378.3/8085/1018.13348,"researchgraph.org/ands/Contributor:Queensland University of Technology",hasAssociationWith
researchgraph.org/ands/CoECSS/party/individual/1,researchgraph.org/ands/0a7c2eb6-9026-11e1-bb8e-f04da20254be,isMemberOf
researchgraph.org/ands/CoECSS/collection/1,researchgraph.org/ands/0a7c2eb6-9026-11e1-bb8e-f04da20254be,isMemberOf
researchgraph.org/ands/CoECSS/activity/researchprogram/1,researchgraph.org/ands/0a7c2eb6-9026-11e1-bb8e-f04da20254be,isMemberOf
researchgraph.org/ands/CoECSS/collection/2,researchgraph.org/ands/0a7c2eb6-9026-11e1-bb8e-f04da20254be,isMemberOf
researchgraph.org/ands/CoECSS/collection/3,researchgraph.org/ands/0a7c2eb6-9026-11e1-bb8e-f04da20254be,isMemberOf
researchgraph.org/ands/CoECSS/collection/5,researchgraph.org/ands/0a7c2eb6-9026-11e1-bb8e-f04da20254be,isMemberOf
researchgraph.org/ands/CoECSS/collection/4,researchgraph.org/ands/0a7c2eb6-9026-11e1-bb8e-f04da20254be,isMemberOf
researchgraph.org/ands/http://acef.tern.org.au/7dff54b8-1612-4fbf-9751-40178f1087ce,researchgraph.org/ands/dixVvbpqjA1te4wsPieS6zGgZqwv0qS3zfOVh4bqu2KzW7RCfWlc,hasAssociationWith
researchgraph.org/ands/http://acef.tern.org.au/DataManager,researchgraph.org/ands/dixVvbpqjA1te4wsPieS6zGgZqwv0qS3zfOVh4bqu2KzW7RCfWlc,hasAssociationWith
researchgraph.org/ands/http://acef.tern.org.au/StateofQueensland,researchgraph.org/ands/dixVvbpqjA1te4wsPieS6zGgZqwv0qS3zfOVh4bqu2KzW7RCfWlc,hasAssociationWith
researchgraph.org/ands/http://acef.tern.org.au/1876ed37-3503-434e-82c3-0f81fa4eb64f,researchgraph.org/ands/dixVvbpqjA1te4wsPieS6zGgZqwv0qS3zfOVh4bqu2KzW7RCfWlc,hasAssociationWith
researchgraph.org/ands/http://acef.tern.org.au/da023c22-08a7-46a5-a415-c7bc29d213f5,researchgraph.org/ands/dixVvbpqjA1te4wsPieS6zGgZqwv0qS3zfOVh4bqu2KzW7RCfWlc,hasAssociationWith
researchgraph.org/ands/http://acef.tern.org.au/3ea97d80-30d6-4d6e-99a8-de5b199e9424,researchgraph.org/ands/dixVvbpqjA1te4wsPieS6zGgZqwv0qS3zfOVh4bqu2KzW7RCfWlc,hasAssociationWith
researchgraph.org/ands/http://acef.tern.org.au/ChrisMoeseneder,researchgraph.org/ands/dixVvbpqjA1te4wsPieS6zGgZqwv0qS3zfOVh4bqu2KzW7RCfWlc,hasAssociationWith
researchgraph.org/ands/http://acef.tern.org.au/DrAndySteven,researchgraph.org/ands/dixVvbpqjA1te4wsPieS6zGgZqwv0qS3zfOVh4bqu2KzW7RCfWlc,hasAssociationWith
researchgraph.org/ands/http://acef.tern.org.au/CSIROMarineandAtmosphericResearch,researchgraph.org/ands/dixVvbpqjA1te4wsPieS6zGgZqwv0qS3zfOVh4bqu2KzW7RCfWlc,hasAssociationWith
researchgraph.org/ands/http://acef.tern.org.au/5935f698-5653-447b-a3a9-8a4934eb76f7,researchgraph.org/ands/dixVvbpqjA1te4wsPieS6zGgZqwv0qS3zfOVh4bqu2KzW7RCfWlc,hasAssociationWith
researchgraph.org/ands/http://acef.tern.org.au/CommonwealthScientificandIndustrialResearchOrganisation(CSIRO),researchgraph.org/ands/dixVvbpqjA1te4wsPieS6zGgZqwv0qS3zfOVh4bqu2KzW7RCfWlc,hasAssociationWith
researchgraph.org/ands/http://acef.tern.org.au/cc7e4fb0-ae3c-40b9-9af3-c29d575bc1bc,researchgraph.org/ands/dixVvbpqjA1te4wsPieS6zGgZqwv0qS3zfOVh4bqu2KzW7RCfWlc,hasAssociationWith
researchgraph.org/ands/http://acef.tern.org.au/1c77a89f-a315-487d-bd35-3345a6f9c48f,researchgraph.org/ands/dixVvbpqjA1te4wsPieS6zGgZqwv0qS3zfOVh4bqu2KzW7RCfWlc,hasAssociationWith
"researchgraph.org/ands/http://acef.tern.org.au/QueenslandDepartmentofScience,InformationTechnology,InnovationandtheArts",researchgraph.org/ands/dixVvbpqjA1te4wsPieS6zGgZqwv0qS3zfOVh4bqu2KzW7RCfWlc,hasAssociationWith
researchgraph.org/ands/C-TERN-NC-ACEF,researchgraph.org/ands/dixVvbpqjA1te4wsPieS6zGgZqwv0qS3zfOVh4bqu2KzW7RCfWlc,hasAssociationWith
researchgraph.org/ands/10378.3/8085/1018.14555,"researchgraph.org/ands/Contributor:Queensland University of Technology",hasAssociationWith
researchgraph.org/ands/10378.3/8085/1018.14556,"researchgraph.org/ands/Contributor:Queensland University of Technology",hasAssociationWith
researchgraph.org/ands/10378.3/8085/1018.14558,"researchgraph.org/ands/Contributor:Queensland University of Technology",hasAssociationWith
researchgraph.org/ands/10378.3/8085/1018.14868,"researchgraph.org/ands/Contributor:Queensland University of Technology",hasAssociationWith
researchgraph.org/ands/10378.3/8085/1018.13587,"researchgraph.org/ands/Contributor:Queensland University of Technology",hasAssociationWith
researchgraph.org/ands/10378.3/8085/1018.13757,"researchgraph.org/ands/Contributor:Queensland University of Technology",hasAssociationWith
researchgraph.org/ands/10378.3/8085/1018.14493,"researchgraph.org/ands/Contributor:Queensland University of Technology",hasAssociationWith
researchgraph.org/ands/10378.3/8085/1018.14937,"researchgraph.org/ands/Contributor:Queensland University of Technology",hasAssociationWith
researchgraph.org/ands/10378.3/8085/1018.14938,"researchgraph.org/ands/Contributor:Queensland University of Technology",hasAssociationWith
researchgraph.org/ands/10378.3/8085/1018.14940,"researchgraph.org/ands/Contributor:Queensland University of Technology",hasAssociationWith
researchgraph.org/ands/10378.3/8085/1018.15435,"researchgraph.org/ands/Contributor:Queensland University of Technology",hasAssociationWith
researchgraph.org/ands/10378.3/8085/1018.15440,"researchgraph.org/ands/Contributor:Queensland University of Technology",hasAssociationWith
researchgraph.org/ands/10378.3/8085/1018.15584,"researchgraph.org/ands/Contributor:Queensland University of Technology",hasAssociationWith
researchgraph.org/ands/10378.3/8085/1018.15585,"researchgraph.org/ands/Contributor:Queensland University of Technology",hasAssociationWith
researchgraph.org/ands/10378.3/8085/1018.15599,"researchgraph.org/ands/Contributor:Queensland University of Technology",hasAssociationWith
researchgraph.org/ands/10378.3/8085/1018.15600,"researchgraph.org/ands/Contributor:Queensland University of Technology",hasAssociationWith
researchgraph.org/ands/10378.3/8085/1018.15604,"researchgraph.org/ands/Contributor:Queensland University of Technology",hasAssociationWith
researchgraph.org/ands/10378.3/8085/1018.15605,"researchgraph.org/ands/Contributor:Queensland University of Technology",hasAssociationWith
researchgraph.org/ands/10378.3/8085/1018.15606,"researchgraph.org/ands/Contributor:Queensland University of Technology",hasAssociationWith
researchgraph.org/ands/10378.3/8085/1018.15610,"researchgraph.org/ands/Contributor:Queensland University of Technology",hasAssociationWith
researchgraph.org/ands/10378.3/8085/1018.15613,"researchgraph.org/ands/Contributor:Queensland University of Technology",hasAssociationWith
researchgraph.org/ands/10378.3/8085/1018.15614,"researchgraph.org/ands/Contributor:Queensland University of Technology",hasAssociationWith
researchgraph.org/ands/10378.3/8085/1018.15615,"researchgraph.org/ands/Contributor:Queensland University of Technology",hasAssociationWith
researchgraph.org/ands/10378.3/8085/1018.15623,"researchgraph.org/ands/Contributor:Queensland University of Technology",hasAssociationWith
researchgraph.org/ands/10378.3/8085/1018.15624,"researchgraph.org/ands/Contributor:Queensland University of Technology",hasAssociationWith
researchgraph.org/ands/10378.3/8085/1018.15625,"researchgraph.org/ands/Contributor:Queensland University of Technology",hasAssociationWith
researchgraph.org/ands/10378.3/8085/1018.15626,"researchgraph.org/ands/Contributor:Queensland University of Technology",hasAssociationWith
researchgraph.org/ands/10378.3/8085/1018.15628,"researchgraph.org/ands/Contributor:Queensland University of Technology",hasAssociationWith
researchgraph.org/ands/10378.3/8085/1018.15635,"researchgraph.org/ands/Contributor:Queensland University of Technology",hasAssociationWith
researchgraph.org/ands/10378.3/8085/1018.15636,"researchgraph.org/ands/Contributor:Queensland University of Technology",hasAssociationWith
researchgraph.org/ands/10378.3/8085/1018.15637,"researchgraph.org/ands/Contributor:Queensland University of Technology",hasAssociationWith
researchgraph.org/ands/10378.3/8085/1018.15638,"researchgraph.org/ands/Contributor:Queensland University of Technology",hasAssociationWith
researchgraph.org/ands/10378.3/8085/1018.15639,"researchgraph.org/ands/Contributor:Queensland University of Technology",hasAssociationWith
researchgraph.org/ands/10378.3/8085/1018.15640,"researchgraph.org/ands/Contributor:Queensland University of Technology",hasAssociationWith
researchgraph.org/ands/10378.3/8085/1018.15641,"researchgraph.org/ands/Contributor:Queensland University of Technology",hasAssociationWith
researchgraph.org/ands/10378.3/8085/1018.15642,"researchgraph.org/ands/Contributor:Queensland University of Technology",hasAssociationWith
researchgraph.org/ands/10378.3/8085/1018.15646,"researchgraph.org/ands/Contributor:Queensland University of Technology",hasAssociationWith
researchgraph.org/ands/10378.3/8085/1018.15647,"researchgraph.org/ands/Contributor:Queensland University of Technology",hasAssociationWith
researchgraph.org/ands/10378.3/8085/1018.15648,"researchgraph.org/ands/Contributor:Queensland University of Technology",hasAssociationWith
researchgraph.org/ands/10378.3/8085/1018.15649,"researchgraph.org/ands/Contributor:Queensland University of Technology",hasAssociationWith
researchgraph.org/ands/10378.3/8085/1018.15690,"researchgraph.org/ands/Contributor:Queensland University of Technology",hasAssociationWith
researchgraph.org/ands/10378.3/8085/1018.15692,"researchgraph.org/ands/Contributor:Queensland University of Technology",hasAssociationWith
researchgraph.org/ands/10378.3/8085/1018.15695,"researchgraph.org/ands/Contributor:Queensland University of Technology",hasAssociationWith
researchgraph.org/ands/10378.3/8085/1018.15696,"researchgraph.org/ands/Contributor:Queensland University of Technology",hasAssociationWith
researchgraph.org/ands/10378.3/8085/1018.15697,"researchgraph.org/ands/Contributor:Queensland University of Technology",hasAssociationWith
researchgraph.org/ands/10378.3/8085/1018.15701,"researchgraph.org/ands/Contributor:Queensland University of Technology",hasAssociationWith
researchgraph.org/ands/10378.3/8085/1018.15702,"researchgraph.org/ands/Contributor:Queensland University of Technology",hasAssociationWith
researchgraph.org/ands/10378.3/8085/1018.15703,"researchgraph.org/ands/Contributor:Queensland University of Technology",hasAssociationWith
researchgraph.org/ands/10378.3/8085/1018.15704,"researchgraph.org/ands/Contributor:Queensland University of Technology",hasAssociationWith
researchgraph.org/ands/10378.3/8085/1018.15434,"researchgraph.org/ands/Contributor:Queensland University of Technology",hasAssociationWith
researchgraph.org/ands/10378.3/8085/1018.15436,"researchgraph.org/ands/Contributor:Queensland University of Technology",hasAssociationWith
researchgraph.org/ands/10378.3/8085/1018.15437,"researchgraph.org/ands/Contributor:Queensland University of Technology",hasAssociationWith
researchgraph.org/ands/10378.3/8085/1018.14939,"researchgraph.org/ands/Contributor:Queensland University of Technology",hasAssociationWith
researchgraph.org/ands/10378.3/8085/1018.13758,"researchgraph.org/ands/Contributor:Queensland University of Technology",hasAssociationWith
researchgraph.org/ands/10378.3/8085/1018.14573,"researchgraph.org/ands/Contributor:Queensland University of Technology",hasAssociationWith
researchgraph.org/ands/10378.3/8085/1018.14815,"researchgraph.org/ands/Contributor:Queensland University of Technology",hasAssociationWith
researchgraph.org/ands/10378.3/8085/1018.15713,"researchgraph.org/ands/Contributor:Queensland University of Technology",hasAssociationWith
researchgraph.org/ands/10378.3/8085/1018.15714,"researchgraph.org/ands/Contributor:Queensland University of Technology",hasAssociationWith
researchgraph.org/ands/10378.3/8085/1018.13770,"researchgraph.org/ands/Contributor:Queensland University of Technology",hasAssociationWith
researchgraph.org/ands/10378.3/8085/1018.14189,"researchgraph.org/ands/Contributor:Queensland University of Technology",hasAssociationWith
researchgraph.org/ands/10378.3/8085/1018.15774,"researchgraph.org/ands/Contributor:Queensland University of Technology",hasAssociationWith
researchgraph.org/ands/10378.3/8085/1018.15776,"researchgraph.org/ands/Contributor:Queensland University of Technology",hasAssociationWith
researchgraph.org/ands/10378.3/8085/1018.15775,"researchgraph.org/ands/Contributor:Queensland University of Technology",hasAssociationWith
researchgraph.org/ands/10378.3/8085/1018.15777,"researchgraph.org/ands/Contributor:Queensland University of Technology",hasAssociationWith
researchgraph.org/ands/10378.3/8085/1018.15782,"researchgraph.org/ands/Contributor:Queensland University of Technology",hasAssociationWith
researchgraph.org/ands/10378.3/8085/1018.15784,"researchgraph.org/ands/Contributor:Queensland University of Technology",hasAssociationWith
researchgraph.org/ands/10378.3/8085/1018.15785,"researchgraph.org/ands/Contributor:Queensland University of Technology",hasAssociationWith
researchgraph.org/ands/10378.3/8085/1018.15786,"researchgraph.org/ands/Contributor:Queensland University of Technology",hasAssociationWith
researchgraph.org/ands/10378.3/8085/1018.13998,"researchgraph.org/ands/Contributor:Queensland University of Technology",hasAssociationWith
researchgraph.org/ands/10378.3/8085/1018.14211,"researchgraph.org/ands/Contributor:Queensland University of Technology",hasAssociationWith
researchgraph.org/ands/10378.3/8085/1018.14456,"researchgraph.org/ands/Contributor:Queensland University of Technology",hasAssociationWith
researchgraph.org/ands/10378.3/8085/1018.15781,"researchgraph.org/ands/Contributor:Queensland University of Technology",hasAssociationWith
researchgraph.org/ands/10378.3/8085/1018.15846,"researchgraph.org/ands/Contributor:Queensland University of Technology",hasAssociationWith
researchgraph.org/ands/10378.3/8085/1018.14562,"researchgraph.org/ands/Contributor:Queensland University of Technology",hasAssociationWith
researchgraph.org/ands/10378.3/8085/1018.14836,"researchgraph.org/ands/Contributor:Queensland University of Technology",hasAssociationWith
researchgraph.org/ands/10378.3/8085/1018.15739,"researchgraph.org/ands/Contributor:Queensland University of Technology",hasAssociationWith
researchgraph.org/ands/10378.3/8085/1018.15740,"researchgraph.org/ands/Contributor:Queensland University of Technology",hasAssociationWith
researchgraph.org/ands/10378.3/8085/1018.15743,"researchgraph.org/ands/Contributor:Queensland University of Technology",hasAssociationWith
researchgraph.org/ands/10378.3/8085/1018.15744,"researchgraph.org/ands/Contributor:Queensland University of Technology",hasAssociationWith
researchgraph.org/ands/10378.3/8085/1018.15745,"researchgraph.org/ands/Contributor:Queensland University of Technology",hasAssociationWith
researchgraph.org/ands/10378.3/8085/1018.15746,"researchgraph.org/ands/Contributor:Queensland University of Technology",hasAssociationWith
researchgraph.org/ands/10378.3/8085/1018.15747,"researchgraph.org/ands/Contributor:Queensland University of Technology",hasAssociationWith
researchgraph.org/ands/10378.3/8085/1018.15752,"researchgraph.org/ands/Contributor:Queensland University of Technology",hasAssociationWith
researchgraph.org/ands/10378.3/8085/1018.15760,"researchgraph.org/ands/Contributor:Queensland University of Technology",hasAssociationWith
researchgraph.org/ands/10378.3/8085/1018.15849,"researchgraph.org/ands/Contributor:Queensland University of Technology",hasAssociationWith
researchgraph.org/ands/10378.3/8085/1018.15870,"researchgraph.org/ands/Contributor:Queensland University of Technology",hasAssociationWith
researchgraph.org/ands/10378.3/8085/1018.15872,"researchgraph.org/ands/Contributor:Queensland University of Technology",hasAssociationWith
researchgraph.org/ands/10378.3/8085/1018.15877,"researchgraph.org/ands/Contributor:Queensland University of Technology",hasAssociationWith
researchgraph.org/ands/10378.3/8085/1018.15880,"researchgraph.org/ands/Contributor:Queensland University of Technology",hasAssociationWith
researchgraph.org/ands/10378.3/8085/1018.15881,"researchgraph.org/ands/Contributor:Queensland University of Technology",hasAssociationWith
researchgraph.org/ands/10378.3/8085/1018.15882,"researchgraph.org/ands/Contributor:Queensland University of Technology",hasAssociationWith
researchgraph.org/ands/10378.3/8085/1018.15885,"researchgraph.org/ands/Contributor:Queensland University of Technology",hasAssociationWith
researchgraph.org/ands/10378.3/8085/1018.15888,"researchgraph.org/ands/Contributor:Queensland University of Technology",hasAssociationWith
researchgraph.org/ands/10378.3/8085/1018.15889,"researchgraph.org/ands/Contributor:Queensland University of Technology",hasAssociationWith
researchgraph.org/ands/10378.3/8085/1018.15891,"researchgraph.org/ands/Contributor:Queensland University of Technology",hasAssociationWith
researchgraph.org/ands/10378.3/8085/1018.15892,"researchgraph.org/ands/Contributor:Queensland University of Technology",hasAssociationWith
researchgraph.org/ands/10378.3/8085/1018.15893,"researchgraph.org/ands/Contributor:Queensland University of Technology",hasAssociationWith
researchgraph.org/ands/ARCCSS/collection/8,researchgraph.org/ands/0a7c2eb6-9026-11e1-bb8e-f04da20254be,isMemberOf
researchgraph.org/ands/ARCCSS/collection/9,researchgraph.org/ands/0a7c2eb6-9026-11e1-bb8e-f04da20254be,isMemberOf
researchgraph.org/ands/ARCCSS/collection/10,researchgraph.org/ands/0a7c2eb6-9026-11e1-bb8e-f04da20254be,isMemberOf
researchgraph.org/ands/ARCCSS/collection/11,researchgraph.org/ands/0a7c2eb6-9026-11e1-bb8e-f04da20254be,isMemberOf
researchgraph.org/ands/ARCCSS/collection/13,researchgraph.org/ands/0a7c2eb6-9026-11e1-bb8e-f04da20254be,isMemberOf
researchgraph.org/ands/ARCCSS/collection/12,researchgraph.org/ands/0a7c2eb6-9026-11e1-bb8e-f04da20254be,isMemberOf
researchgraph.org/ands/10378.3/8085/1018.15847,"researchgraph.org/ands/Contributor:Queensland University of Technology",hasAssociationWith
researchgraph.org/ands/10378.3/8085/1018.15850,"researchgraph.org/ands/Contributor:Queensland University of Technology",hasAssociationWith
researchgraph.org/ands/10378.3/8085/1018.15871,"researchgraph.org/ands/Contributor:Queensland University of Technology",hasAssociationWith
researchgraph.org/ands/10378.3/8085/1018.15875,"researchgraph.org/ands/Contributor:Queensland University of Technology",hasAssociationWith
researchgraph.org/ands/10378.3/8085/1018.15876,"researchgraph.org/ands/Contributor:Queensland University of Technology",hasAssociationWith
researchgraph.org/ands/10378.3/8085/1018.15890,"researchgraph.org/ands/Contributor:Queensland University of Technology",hasAssociationWith
researchgraph.org/ands/10378.3/8085/1018.15894,"researchgraph.org/ands/Contributor:Queensland University of Technology",hasAssociationWith
researchgraph.org/ands/10378.3/8085/1018.15898,"researchgraph.org/ands/Contributor:Queensland University of Technology",hasAssociationWith
researchgraph.org/ands/10378.3/8085/1018.15899,"researchgraph.org/ands/Contributor:Queensland University of Technology",hasAssociationWith
researchgraph.org/ands/10378.3/8085/1018.15900,"researchgraph.org/ands/Contributor:Queensland University of Technology",hasAssociationWith
researchgraph.org/ands/10378.3/8085/1018.15902,"researchgraph.org/ands/Contributor:Queensland University of Technology",hasAssociationWith
researchgraph.org/ands/ARCCSS/collection/15,researchgraph.org/ands/0a7c2eb6-9026-11e1-bb8e-f04da20254be,isMemberOf
researchgraph.org/ands/ARCCSS/collection/14,researchgraph.org/ands/0a7c2eb6-9026-11e1-bb8e-f04da20254be,isMemberOf
researchgraph.org/ands/10378.3/8085/1018.13500,"researchgraph.org/ands/Contributor:Queensland University of Technology",hasAssociationWith
researchgraph.org/ands/10378.3/8085/1018.15930,"researchgraph.org/ands/Contributor:Queensland University of Technology",hasAssociationWith
researchgraph.org/ands/10378.3/8085/1018.13554,"researchgraph.org/ands/Contributor:Queensland University of Technology",hasAssociationWith
researchgraph.org/ands/10378.3/8085/1018.13660,"researchgraph.org/ands/Contributor:Queensland University of Technology",hasAssociationWith
researchgraph.org/ands/10378.3/8085/1018.14687,"researchgraph.org/ands/Contributor:Queensland University of Technology",hasAssociationWith
researchgraph.org/ands/10378.3/8085/1018.15479,"researchgraph.org/ands/Contributor:Queensland University of Technology",hasAssociationWith
researchgraph.org/ands/10378.3/8085/1018.15598,"researchgraph.org/ands/Contributor:Queensland University of Technology",hasAssociationWith
researchgraph.org/ands/10378.3/8085/1018.15607,"researchgraph.org/ands/Contributor:Queensland University of Technology",hasAssociationWith
researchgraph.org/ands/10378.3/8085/1018.15716,"researchgraph.org/ands/Contributor:Queensland University of Technology",hasAssociationWith
researchgraph.org/ands/10378.3/8085/1018.15717,"researchgraph.org/ands/Contributor:Queensland University of Technology",hasAssociationWith
researchgraph.org/ands/10378.3/8085/1018.15720,"researchgraph.org/ands/Contributor:Queensland University of Technology",hasAssociationWith
researchgraph.org/ands/10378.3/8085/1018.15722,"researchgraph.org/ands/Contributor:Queensland University of Technology",hasAssociationWith
researchgraph.org/ands/10378.3/8085/1018.15728,"researchgraph.org/ands/Contributor:Queensland University of Technology",hasAssociationWith
researchgraph.org/ands/10378.3/8085/1018.15729,"researchgraph.org/ands/Contributor:Queensland University of Technology",hasAssociationWith
researchgraph.org/ands/10378.3/8085/1018.15730,"researchgraph.org/ands/Contributor:Queensland University of Technology",hasAssociationWith
researchgraph.org/ands/10378.3/8085/1018.15731,"researchgraph.org/ands/Contributor:Queensland University of Technology",hasAssociationWith
researchgraph.org/ands/10378.3/8085/1018.15732,"researchgraph.org/ands/Contributor:Queensland University of Technology",hasAssociationWith
researchgraph.org/ands/10378.3/8085/1018.15733,"researchgraph.org/ands/Contributor:Queensland University of Technology",hasAssociationWith
researchgraph.org/ands/10378.3/8085/1018.15735,"researchgraph.org/ands/Contributor:Queensland University of Technology",hasAssociationWith
researchgraph.org/ands/10378.3/8085/1018.15736,"researchgraph.org/ands/Contributor:Queensland University of Technology",hasAssociationWith
researchgraph.org/ands/10378.3/8085/1018.15767,"researchgraph.org/ands/Contributor:Queensland University of Technology",hasAssociationWith
researchgraph.org/ands/10378.3/8085/1018.15768,"researchgraph.org/ands/Contributor:Queensland University of Technology",hasAssociationWith
researchgraph.org/ands/10378.3/8085/1018.15770,"researchgraph.org/ands/Contributor:Queensland University of Technology",hasAssociationWith
researchgraph.org/ands/10378.3/8085/1018.15931,"researchgraph.org/ands/Contributor:Queensland University of Technology",hasAssociationWith
researchgraph.org/ands/10378.3/8085/1018.15958,"researchgraph.org/ands/Contributor:Queensland University of Technology",hasAssociationWith
researchgraph.org/ands/10378.3/8085/1018.15961,"researchgraph.org/ands/Contributor:Queensland University of Technology",hasAssociationWith
researchgraph.org/ands/10378.3/8085/1018.15962,"researchgraph.org/ands/Contributor:Queensland University of Technology",hasAssociationWith
researchgraph.org/ands/10378.3/8085/1018.15963,"researchgraph.org/ands/Contributor:Queensland University of Technology",hasAssociationWith
researchgraph.org/ands/10378.3/8085/1018.14863,"researchgraph.org/ands/Contributor:Queensland University of Technology",hasAssociationWith
researchgraph.org/ands/10378.3/8085/1018.15706,"researchgraph.org/ands/Contributor:Queensland University of Technology",hasAssociationWith
researchgraph.org/ands/10378.3/8085/1018.15709,"researchgraph.org/ands/Contributor:Queensland University of Technology",hasAssociationWith
researchgraph.org/ands/10378.3/8085/1018.15711,"researchgraph.org/ands/Contributor:Queensland University of Technology",hasAssociationWith
researchgraph.org/ands/10378.3/8085/1018.15721,"researchgraph.org/ands/Contributor:Queensland University of Technology",hasAssociationWith
researchgraph.org/ands/10378.3/8085/1018.15725,"researchgraph.org/ands/Contributor:Queensland University of Technology",hasAssociationWith
researchgraph.org/ands/10378.3/8085/1018.15727,"researchgraph.org/ands/Contributor:Queensland University of Technology",hasAssociationWith
researchgraph.org/ands/10378.3/8085/1018.15734,"researchgraph.org/ands/Contributor:Queensland University of Technology",hasAssociationWith
researchgraph.org/ands/10378.3/8085/1018.15840,"researchgraph.org/ands/Contributor:Queensland University of Technology",hasAssociationWith
researchgraph.org/ands/10378.3/8085/1018.15841,"researchgraph.org/ands/Contributor:Queensland University of Technology",hasAssociationWith
researchgraph.org/ands/10378.3/8085/1018.15715,"researchgraph.org/ands/Contributor:Queensland University of Technology",hasAssociationWith
researchgraph.org/ands/10378.3/8085/1018.15718,"researchgraph.org/ands/Contributor:Queensland University of Technology",hasAssociationWith
researchgraph.org/ands/10378.3/8085/1018.15724,"researchgraph.org/ands/Contributor:Queensland University of Technology",hasAssociationWith
researchgraph.org/ands/10378.3/8085/1018.15726,"researchgraph.org/ands/Contributor:Queensland University of Technology",hasAssociationWith
researchgraph.org/ands/10378.3/8085/1018.15769,"researchgraph.org/ands/Contributor:Queensland University of Technology",hasAssociationWith
researchgraph.org/ands/10378.3/8085/1018.15842,"researchgraph.org/ands/Contributor:Queensland University of Technology",hasAssociationWith
researchgraph.org/ands/10378.3/8085/1018.15843,"researchgraph.org/ands/Contributor:Queensland University of Technology",hasAssociationWith
researchgraph.org/ands/10378.3/8085/1018.15844,"researchgraph.org/ands/Contributor:Queensland University of Technology",hasAssociationWith
researchgraph.org/ands/10378.3/8085/1018.15969,"researchgraph.org/ands/Contributor:Queensland University of Technology",hasAssociationWith
researchgraph.org/ands/ARCCSS/collection/dataset/9,researchgraph.org/ands/0a7c2eb6-9026-11e1-bb8e-f04da20254be,isMemberOf
researchgraph.org/ands/ARCCSS/party/individual/11,researchgraph.org/ands/0a7c2eb6-9026-11e1-bb8e-f04da20254be,isMemberOf
researchgraph.org/ands/10378.3/8085/1018.14761,"researchgraph.org/ands/Contributor:Queensland University of Technology",hasAssociationWith
researchgraph.org/ands/10378.3/8085/1018.14353,"researchgraph.org/ands/Contributor:Queensland University of Technology",hasAssociationWith
researchgraph.org/ands/10378.3/8085/1018.14370,"researchgraph.org/ands/Contributor:Queensland University of Technology",hasAssociationWith
researchgraph.org/ands/10378.3/8085/1018.14689,"researchgraph.org/ands/Contributor:Queensland University of Technology",hasAssociationWith
researchgraph.org/ands/10378.3/8085/1018.14838,"researchgraph.org/ands/Contributor:Queensland University of Technology",hasAssociationWith
researchgraph.org/ands/10378.3/8085/1018.15904,"researchgraph.org/ands/Contributor:Queensland University of Technology",hasAssociationWith
researchgraph.org/ands/10378.3/8085/1018.15905,"researchgraph.org/ands/Contributor:Queensland University of Technology",hasAssociationWith
researchgraph.org/ands/10378.3/8085/1018.15906,"researchgraph.org/ands/Contributor:Queensland University of Technology",hasAssociationWith
researchgraph.org/ands/10378.3/8085/1018.15971,"researchgraph.org/ands/Contributor:Queensland University of Technology",hasAssociationWith
researchgraph.org/ands/10378.3/8085/1018.16015,"researchgraph.org/ands/Contributor:Queensland University of Technology",hasAssociationWith
researchgraph.org/ands/10378.3/8085/1018.16016,"researchgraph.org/ands/Contributor:Queensland University of Technology",hasAssociationWith
researchgraph.org/ands/10378.3/8085/1018.14280,"researchgraph.org/ands/Contributor:Queensland University of Technology",hasAssociationWith
researchgraph.org/ands/10378.3/8085/1018.14473,"researchgraph.org/ands/Contributor:Queensland University of Technology",hasAssociationWith
researchgraph.org/ands/10378.3/8085/1018.16019,"researchgraph.org/ands/Contributor:Queensland University of Technology",hasAssociationWith
researchgraph.org/ands/10378.3/8085/1018.16020,"researchgraph.org/ands/Contributor:Queensland University of Technology",hasAssociationWith
researchgraph.org/ands/10378.3/8085/1018.16021,"researchgraph.org/ands/Contributor:Queensland University of Technology",hasAssociationWith
researchgraph.org/ands/10378.3/8085/1018.13570,"researchgraph.org/ands/Contributor:Queensland University of Technology",hasAssociationWith
researchgraph.org/ands/10378.3/8085/1018.13626,"researchgraph.org/ands/Contributor:Queensland University of Technology",hasAssociationWith
researchgraph.org/ands/10378.3/8085/1018.14325,"researchgraph.org/ands/Contributor:Queensland University of Technology",hasAssociationWith
researchgraph.org/ands/10378.3/8085/1018.15967,"researchgraph.org/ands/Contributor:Queensland University of Technology",hasAssociationWith
researchgraph.org/ands/10378.3/8085/1018.16022,"researchgraph.org/ands/Contributor:Queensland University of Technology",hasAssociationWith
researchgraph.org/ands/10378.3/8085/1018.16023,"researchgraph.org/ands/Contributor:Queensland University of Technology",hasAssociationWith
researchgraph.org/ands/10378.3/8085/1018.14887,"researchgraph.org/ands/Contributor:Queensland University of Technology",hasAssociationWith
researchgraph.org/ands/10378.3/8085/1018.16064,"researchgraph.org/ands/Contributor:Queensland University of Technology",hasAssociationWith
researchgraph.org/ands/10378.3/8085/1018.13715,"researchgraph.org/ands/Contributor:Queensland University of Technology",hasAssociationWith
researchgraph.org/ands/10378.3/8085/1018.14010,"researchgraph.org/ands/Contributor:Queensland University of Technology",hasAssociationWith
researchgraph.org/ands/10378.3/8085/1018.14227,"researchgraph.org/ands/Contributor:Queensland University of Technology",hasAssociationWith
researchgraph.org/ands/10378.3/8085/1018.14334,"researchgraph.org/ands/Contributor:Queensland University of Technology",hasAssociationWith
researchgraph.org/ands/10378.3/8085/1018.14344,"researchgraph.org/ands/Contributor:Queensland University of Technology",hasAssociationWith
researchgraph.org/ands/10378.3/8085/1018.14560,"researchgraph.org/ands/Contributor:Queensland University of Technology",hasAssociationWith
researchgraph.org/ands/10378.3/8085/1018.14567,"researchgraph.org/ands/Contributor:Queensland University of Technology",hasAssociationWith
researchgraph.org/ands/10378.3/8085/1018.14702,"researchgraph.org/ands/Contributor:Queensland University of Technology",hasAssociationWith
researchgraph.org/ands/10378.3/8085/1018.15577,"researchgraph.org/ands/Contributor:Queensland University of Technology",hasAssociationWith
researchgraph.org/ands/10378.3/8085/1018.15658,"researchgraph.org/ands/Contributor:Queensland University of Technology",hasAssociationWith
researchgraph.org/ands/10378.3/8085/1018.13753,"researchgraph.org/ands/Contributor:Queensland University of Technology",hasAssociationWith
researchgraph.org/ands/10378.3/8085/1018.13785,"researchgraph.org/ands/Contributor:Queensland University of Technology",hasAssociationWith
researchgraph.org/ands/10378.3/8085/1018.14037,"researchgraph.org/ands/Contributor:Queensland University of Technology",hasAssociationWith
researchgraph.org/ands/10378.3/8085/1018.14244,"researchgraph.org/ands/Contributor:Queensland University of Technology",hasAssociationWith
researchgraph.org/ands/10378.3/8085/1018.14316,"researchgraph.org/ands/Contributor:Queensland University of Technology",hasAssociationWith
researchgraph.org/ands/10378.3/8085/1018.16066,"researchgraph.org/ands/Contributor:Queensland University of Technology",hasAssociationWith
researchgraph.org/ands/10378.3/8085/1018.16067,"researchgraph.org/ands/Contributor:Queensland University of Technology",hasAssociationWith
researchgraph.org/ands/10378.3/8085/1018.16070,"researchgraph.org/ands/Contributor:Queensland University of Technology",hasAssociationWith
researchgraph.org/ands/10378.3/8085/1018.16074,"researchgraph.org/ands/Contributor:Queensland University of Technology",hasAssociationWith
researchgraph.org/ands/10378.3/8085/1018.16075,"researchgraph.org/ands/Contributor:Queensland University of Technology",hasAssociationWith
researchgraph.org/ands/10378.3/8085/1018.16077,"researchgraph.org/ands/Contributor:Queensland University of Technology",hasAssociationWith
researchgraph.org/ands/10378.3/8085/1018.13618,"researchgraph.org/ands/Contributor:Queensland University of Technology",hasAssociationWith
researchgraph.org/ands/10378.3/8085/1018.13729,"researchgraph.org/ands/Contributor:Queensland University of Technology",hasAssociationWith
researchgraph.org/ands/10378.3/8085/1018.14052,"researchgraph.org/ands/Contributor:Queensland University of Technology",hasAssociationWith
researchgraph.org/ands/10378.3/8085/1018.14315,"researchgraph.org/ands/Contributor:Queensland University of Technology",hasAssociationWith
researchgraph.org/ands/10378.3/8085/1018.14911,"researchgraph.org/ands/Contributor:Queensland University of Technology",hasAssociationWith
researchgraph.org/ands/10378.3/8085/1018.16065,"researchgraph.org/ands/Contributor:Queensland University of Technology",hasAssociationWith
researchgraph.org/ands/10378.3/8085/1018.16071,"researchgraph.org/ands/Contributor:Queensland University of Technology",hasAssociationWith
researchgraph.org/ands/10378.3/8085/1018.16079,"researchgraph.org/ands/Contributor:Queensland University of Technology",hasAssociationWith
researchgraph.org/ands/10378.3/8085/1018.16080,"researchgraph.org/ands/Contributor:Queensland University of Technology",hasAssociationWith
researchgraph.org/ands/10378.3/8085/1018.16072,"researchgraph.org/ands/Contributor:Queensland University of Technology",hasAssociationWith
researchgraph.org/ands/10378.3/8085/1018.16084,"researchgraph.org/ands/Contributor:Queensland University of Technology",hasAssociationWith
researchgraph.org/ands/10378.3/8085/1018.13804,"researchgraph.org/ands/Contributor:Queensland University of Technology",hasAssociationWith
researchgraph.org/ands/10378.3/8085/1018.14142,"researchgraph.org/ands/Contributor:Queensland University of Technology",hasAssociationWith
researchgraph.org/ands/10378.3/8085/1018.14199,"researchgraph.org/ands/Contributor:Queensland University of Technology",hasAssociationWith
researchgraph.org/ands/10378.3/8085/1018.14333,"researchgraph.org/ands/Contributor:Queensland University of Technology",hasAssociationWith
researchgraph.org/ands/10378.3/8085/1018.14369,"researchgraph.org/ands/Contributor:Queensland University of Technology",hasAssociationWith
researchgraph.org/ands/10378.3/8085/1018.14403,"researchgraph.org/ands/Contributor:Queensland University of Technology",hasAssociationWith
researchgraph.org/ands/10378.3/8085/1018.14420,"researchgraph.org/ands/Contributor:Queensland University of Technology",hasAssociationWith
researchgraph.org/ands/10378.3/8085/1018.14434,"researchgraph.org/ands/Contributor:Queensland University of Technology",hasAssociationWith
researchgraph.org/ands/10378.3/8085/1018.14628,"researchgraph.org/ands/Contributor:Queensland University of Technology",hasAssociationWith
researchgraph.org/ands/10378.3/8085/1018.15621,"researchgraph.org/ands/Contributor:Queensland University of Technology",hasAssociationWith
researchgraph.org/ands/10378.3/8085/1018.15839,"researchgraph.org/ands/Contributor:Queensland University of Technology",hasAssociationWith
researchgraph.org/ands/10378.3/8085/1018.15932,"researchgraph.org/ands/Contributor:Queensland University of Technology",hasAssociationWith
researchgraph.org/ands/10378.3/8085/1018.16012,"researchgraph.org/ands/Contributor:Queensland University of Technology",hasAssociationWith
researchgraph.org/ands/10378.3/8085/1018.16069,"researchgraph.org/ands/Contributor:Queensland University of Technology",hasAssociationWith
researchgraph.org/ands/10378.3/8085/1018.16081,"researchgraph.org/ands/Contributor:Queensland University of Technology",hasAssociationWith
researchgraph.org/ands/10378.3/8085/1018.16082,"researchgraph.org/ands/Contributor:Queensland University of Technology",hasAssociationWith
researchgraph.org/ands/10378.3/8085/1018.16083,"researchgraph.org/ands/Contributor:Queensland University of Technology",hasAssociationWith
researchgraph.org/ands/10378.3/8085/1018.16088,"researchgraph.org/ands/Contributor:Queensland University of Technology",hasAssociationWith
researchgraph.org/ands/10378.3/8085/1018.16089,"researchgraph.org/ands/Contributor:Queensland University of Technology",hasAssociationWith
researchgraph.org/ands/10378.3/8085/1018.16098,"researchgraph.org/ands/Contributor:Queensland University of Technology",hasAssociationWith
researchgraph.org/ands/10378.3/8085/1018.16100,"researchgraph.org/ands/Contributor:Queensland University of Technology",hasAssociationWith
researchgraph.org/ands/10378.3/8085/1018.16101,"researchgraph.org/ands/Contributor:Queensland University of Technology",hasAssociationWith
researchgraph.org/ands/10378.3/8085/1018.16103,"researchgraph.org/ands/Contributor:Queensland University of Technology",hasAssociationWith
researchgraph.org/ands/10378.3/8085/1018.16105,"researchgraph.org/ands/Contributor:Queensland University of Technology",hasAssociationWith
researchgraph.org/ands/10378.3/8085/1018.13464,"researchgraph.org/ands/Contributor:Queensland University of Technology",hasAssociationWith
researchgraph.org/ands/10378.3/8085/1018.13483,"researchgraph.org/ands/Contributor:Queensland University of Technology",hasAssociationWith
researchgraph.org/ands/10378.3/8085/1018.16104,"researchgraph.org/ands/Contributor:Queensland University of Technology",hasAssociationWith
researchgraph.org/ands/10378.3/8085/1018.16107,"researchgraph.org/ands/Contributor:Queensland University of Technology",hasAssociationWith
researchgraph.org/ands/10378.3/8085/1018.16108,"researchgraph.org/ands/Contributor:Queensland University of Technology",hasAssociationWith
researchgraph.org/ands/10378.3/8085/1018.16109,"researchgraph.org/ands/Contributor:Queensland University of Technology",hasAssociationWith
researchgraph.org/ands/10378.3/8085/1018.16110,"researchgraph.org/ands/Contributor:Queensland University of Technology",hasAssociationWith
researchgraph.org/ands/10378.3/8085/1018.16111,"researchgraph.org/ands/Contributor:Queensland University of Technology",hasAssociationWith
researchgraph.org/ands/10378.3/8085/1018.16112,"researchgraph.org/ands/Contributor:Queensland University of Technology",hasAssociationWith
researchgraph.org/ands/10378.3/8085/1018.16113,"researchgraph.org/ands/Contributor:Queensland University of Technology",hasAssociationWith
researchgraph.org/ands/10378.3/8085/1018.16114,"researchgraph.org/ands/Contributor:Queensland University of Technology",hasAssociationWith
researchgraph.org/ands/10378.3/8085/1018.16115,"researchgraph.org/ands/Contributor:Queensland University of Technology",hasAssociationWith
researchgraph.org/ands/10378.3/8085/1018.16116,"researchgraph.org/ands/Contributor:Queensland University of Technology",hasAssociationWith
researchgraph.org/ands/10378.3/8085/1018.16117,"researchgraph.org/ands/Contributor:Queensland University of Technology",hasAssociationWith
researchgraph.org/ands/10378.3/8085/1018.16119,"researchgraph.org/ands/Contributor:Queensland University of Technology",hasAssociationWith
researchgraph.org/ands/10378.3/8085/1018.16120,"researchgraph.org/ands/Contributor:Queensland University of Technology",hasAssociationWith
researchgraph.org/ands/10378.3/8085/1018.16121,"researchgraph.org/ands/Contributor:Queensland University of Technology",hasAssociationWith
researchgraph.org/ands/10378.3/8085/1018.16122,"researchgraph.org/ands/Contributor:Queensland University of Technology",hasAssociationWith
researchgraph.org/ands/10378.3/8085/1018.16123,"researchgraph.org/ands/Contributor:Queensland University of Technology",hasAssociationWith
researchgraph.org/ands/10378.3/8085/1018.16124,"researchgraph.org/ands/Contributor:Queensland University of Technology",hasAssociationWith
researchgraph.org/ands/10378.3/8085/1018.16194,"researchgraph.org/ands/Contributor:Queensland University of Technology",hasAssociationWith
researchgraph.org/ands/10378.3/8085/1018.16195,"researchgraph.org/ands/Contributor:Queensland University of Technology",hasAssociationWith
researchgraph.org/ands/10378.3/8085/1018.16196,"researchgraph.org/ands/Contributor:Queensland University of Technology",hasAssociationWith
researchgraph.org/ands/10378.3/8085/1018.16197,"researchgraph.org/ands/Contributor:Queensland University of Technology",hasAssociationWith
researchgraph.org/ands/10378.3/8085/1018.16198,"researchgraph.org/ands/Contributor:Queensland University of Technology",hasAssociationWith
researchgraph.org/ands/10378.3/8085/1018.16199,"researchgraph.org/ands/Contributor:Queensland University of Technology",hasAssociationWith
researchgraph.org/ands/10378.3/8085/1018.16200,"researchgraph.org/ands/Contributor:Queensland University of Technology",hasAssociationWith
researchgraph.org/ands/10378.3/8085/1018.16210,"researchgraph.org/ands/Contributor:Queensland University of Technology",hasAssociationWith
researchgraph.org/ands/10378.3/8085/1018.16208,"researchgraph.org/ands/Contributor:Queensland University of Technology",hasAssociationWith
researchgraph.org/ands/10378.3/8085/1018.14056,"researchgraph.org/ands/Contributor:Queensland University of Technology",hasAssociationWith
researchgraph.org/ands/10378.3/8085/1018.15982,"researchgraph.org/ands/Contributor:Queensland University of Technology",hasAssociationWith
researchgraph.org/ands/10378.3/8085/1018.16219,"researchgraph.org/ands/Contributor:Queensland University of Technology",hasAssociationWith
researchgraph.org/ands/10378.3/8085/1018.14847,"researchgraph.org/ands/Contributor:Queensland University of Technology",hasAssociationWith
researchgraph.org/ands/10378.3/8085/1018.15750,"researchgraph.org/ands/Contributor:Queensland University of Technology",hasAssociationWith
researchgraph.org/ands/10378.3/8085/1018.15751,"researchgraph.org/ands/Contributor:Queensland University of Technology",hasAssociationWith
researchgraph.org/ands/10378.3/8085/1018.14722,"researchgraph.org/ands/Contributor:Queensland University of Technology",hasAssociationWith
researchgraph.org/ands/10378.3/8085/1018.16221,"researchgraph.org/ands/Contributor:Queensland University of Technology",hasAssociationWith
researchgraph.org/ands/10378.3/8085/1018.16222,"researchgraph.org/ands/Contributor:Queensland University of Technology",hasAssociationWith
researchgraph.org/ands/10378.3/8085/1018.16106,"researchgraph.org/ands/Contributor:Queensland University of Technology",hasAssociationWith
researchgraph.org/ands/10378.3/8085/1018.16228,"researchgraph.org/ands/Contributor:Queensland University of Technology",hasAssociationWith
researchgraph.org/ands/10378.3/8085/1018.16232,"researchgraph.org/ands/Contributor:Queensland University of Technology",hasAssociationWith
researchgraph.org/ands/10378.3/8085/1018.16233,"researchgraph.org/ands/Contributor:Queensland University of Technology",hasAssociationWith
researchgraph.org/ands/10378.3/8085/1018.16234,"researchgraph.org/ands/Contributor:Queensland University of Technology",hasAssociationWith
researchgraph.org/ands/10378.3/8085/1018.16235,"researchgraph.org/ands/Contributor:Queensland University of Technology",hasAssociationWith
researchgraph.org/ands/10378.3/8085/1018.16236,"researchgraph.org/ands/Contributor:Queensland University of Technology",hasAssociationWith
researchgraph.org/ands/10378.3/8085/1018.13912,"researchgraph.org/ands/Contributor:Queensland University of Technology",hasAssociationWith
researchgraph.org/ands/10378.3/8085/1018.14800,"researchgraph.org/ands/Contributor:Queensland University of Technology",hasAssociationWith
researchgraph.org/ands/10378.3/8085/1018.16243,"researchgraph.org/ands/Contributor:Queensland University of Technology",hasAssociationWith
researchgraph.org/ands/10378.3/8085/1018.16244,"researchgraph.org/ands/Contributor:Queensland University of Technology",hasAssociationWith
researchgraph.org/ands/10378.3/8085/1018.13619,"researchgraph.org/ands/Contributor:Queensland University of Technology",hasAssociationWith
researchgraph.org/ands/10378.3/8085/1018.14665,"researchgraph.org/ands/Contributor:Queensland University of Technology",hasAssociationWith
researchgraph.org/ands/10378.3/8085/1018.16240,"researchgraph.org/ands/Contributor:Queensland University of Technology",hasAssociationWith
researchgraph.org/ands/10378.3/8085/1018.16246,"researchgraph.org/ands/Contributor:Queensland University of Technology",hasAssociationWith
researchgraph.org/ands/10378.3/8085/1018.16247,"researchgraph.org/ands/Contributor:Queensland University of Technology",hasAssociationWith
researchgraph.org/ands/10378.3/8085/1018.16248,"researchgraph.org/ands/Contributor:Queensland University of Technology",hasAssociationWith
researchgraph.org/ands/ARCCSS/collection/16,researchgraph.org/ands/0a7c2eb6-9026-11e1-bb8e-f04da20254be,isMemberOf
researchgraph.org/ands/10378.3/8085/1018.14503,"researchgraph.org/ands/Contributor:Queensland University of Technology",hasAssociationWith
researchgraph.org/ands/10378.3/8085/1018.16334,"researchgraph.org/ands/Contributor:Queensland University of Technology",hasAssociationWith
researchgraph.org/ands/10378.3/8085/1018.16223,"researchgraph.org/ands/Contributor:Queensland University of Technology",hasAssociationWith
researchgraph.org/ands/10378.3/8085/1018.15761,"researchgraph.org/ands/Contributor:Queensland University of Technology",hasAssociationWith
researchgraph.org/ands/10378.3/8085/1018.16017,"researchgraph.org/ands/Contributor:Queensland University of Technology",hasAssociationWith
researchgraph.org/ands/10378.3/8085/1018.16018,"researchgraph.org/ands/Contributor:Queensland University of Technology",hasAssociationWith
researchgraph.org/ands/10378.3/8085/1018.16224,"researchgraph.org/ands/Contributor:Queensland University of Technology",hasAssociationWith
researchgraph.org/ands/10378.3/8085/1018.16338,"researchgraph.org/ands/Contributor:Queensland University of Technology",hasAssociationWith
researchgraph.org/ands/10378.3/8085/1018.16474,"researchgraph.org/ands/Contributor:Queensland University of Technology",hasAssociationWith
researchgraph.org/ands/10378.3/8085/1018.16475,"researchgraph.org/ands/Contributor:Queensland University of Technology",hasAssociationWith
researchgraph.org/ands/10378.3/8085/1018.16477,"researchgraph.org/ands/Contributor:Queensland University of Technology",hasAssociationWith
researchgraph.org/ands/hhL8FBoh4LFJJyNKc64eknQQxymGcJUjRwimXwtS8ZrHn5hp1cuc,researchgraph.org/ands/0874ad60-ab4d-11df-aebd-0002a5d5c51b,hasAssociationWith
researchgraph.org/ands/aQLKLrfrqFokLLVrGKHd7BLWGjoYmSYnyAXaR2s7yHh9j2rPDYTA,researchgraph.org/ands/0874ad60-ab4d-11df-aebd-0002a5d5c51b,hasAssociationWith
researchgraph.org/ands/RHwALdGGhgwdg1Wt1WZrkWX5KjrEAkTiSfIuif0plmtsdfM51Bmc,researchgraph.org/ands/0874ad60-ab4d-11df-aebd-0002a5d5c51b,hasAssociationWith
researchgraph.org/ands/LcZ9L1nmPnis2XaVSKv4ychEFPPdwfs7hh7T9k5Oxd7q18cKIyE7,researchgraph.org/ands/0874ad60-ab4d-11df-aebd-0002a5d5c51b,hasAssociationWith
researchgraph.org/ands/OBejLp3C2wGrnF2rUMu09s6KbFZVZWlEoqN0FGty3ZPhvHygkS6j,researchgraph.org/ands/0874ad60-ab4d-11df-aebd-0002a5d5c51b,hasAssociationWith
researchgraph.org/ands/l92CvEPESXV78KO0wuQSwuq4VYPE1tmdsfFOKlis93q7D5Y0qEJM,researchgraph.org/ands/0874ad60-ab4d-11df-aebd-0002a5d5c51b,hasAssociationWith
researchgraph.org/ands/RfXyril3Zxk1lUWdv9caZJ9PC0WHgWdX10mj9xdZUnR68D9uCcvr,researchgraph.org/ands/0874ad60-ab4d-11df-aebd-0002a5d5c51b,hasAssociationWith
researchgraph.org/ands/10378.3/8085/1018.13864,"researchgraph.org/ands/Contributor:Queensland University of Technology",hasAssociationWith
researchgraph.org/ands/10378.3/8085/1018.16486,"researchgraph.org/ands/Contributor:Queensland University of Technology",hasAssociationWith
researchgraph.org/ands/10378.3/8085/1018.16491,"researchgraph.org/ands/Contributor:Queensland University of Technology",hasAssociationWith
researchgraph.org/ands/10378.3/8085/1018.16492,"researchgraph.org/ands/Contributor:Queensland University of Technology",hasAssociationWith
researchgraph.org/ands/10378.3/8085/1018.16493,"researchgraph.org/ands/Contributor:Queensland University of Technology",hasAssociationWith
researchgraph.org/ands/10378.3/8085/1018.16494,"researchgraph.org/ands/Contributor:Queensland University of Technology",hasAssociationWith
researchgraph.org/ands/10378.3/8085/1018.16495,"researchgraph.org/ands/Contributor:Queensland University of Technology",hasAssociationWith
researchgraph.org/ands/10378.3/8085/1018.14377,"researchgraph.org/ands/Contributor:Queensland University of Technology",hasAssociationWith
researchgraph.org/ands/10378.3/8085/1018.16496,"researchgraph.org/ands/Contributor:Queensland University of Technology",hasAssociationWith
researchgraph.org/ands/10378.3/8085/1018.16523,"researchgraph.org/ands/Contributor:Queensland University of Technology",hasAssociationWith
researchgraph.org/ands/10378.3/8085/1018.16525,"researchgraph.org/ands/Contributor:Queensland University of Technology",hasAssociationWith
researchgraph.org/ands/10378.3/8085/1018.16526,"researchgraph.org/ands/Contributor:Queensland University of Technology",hasAssociationWith
researchgraph.org/ands/10378.3/8085/1018.16530,"researchgraph.org/ands/Contributor:Queensland University of Technology",hasAssociationWith
researchgraph.org/ands/10378.3/8085/1018.16479,"researchgraph.org/ands/Contributor:Queensland University of Technology",hasAssociationWith
researchgraph.org/ands/10378.3/8085/1018.16532,"researchgraph.org/ands/Contributor:Queensland University of Technology",hasAssociationWith
researchgraph.org/ands/10378.3/8085/1018.16533,"researchgraph.org/ands/Contributor:Queensland University of Technology",hasAssociationWith
researchgraph.org/ands/10378.3/8085/1018.16498,"researchgraph.org/ands/Contributor:Queensland University of Technology",hasAssociationWith
researchgraph.org/ands/AMhzKjy8p31AwlnSGEeVxoVLMQa7TbMhCxghhizyuiuGZknRPuzh,researchgraph.org/ands/0a7c2eb6-9026-11e1-bb8e-f04da20254be,isMemberOf
researchgraph.org/ands/10378.3/8085/1018.16527,"researchgraph.org/ands/Contributor:Queensland University of Technology",hasAssociationWith
researchgraph.org/ands/FbODMaikLaN0ex5HdrcrKyEU5RqBfbAGbCGkgMSLnUJLkKLXUqJq,researchgraph.org/ands/0a7c2eb6-9026-11e1-bb8e-f04da20254be,isMemberOf
researchgraph.org/ands/pIc0dZB0LujL99GdpWHnLNkCq3VPvPMJvRGPVmHJrgS2bvdDFMCs,researchgraph.org/ands/0a7c2eb6-9026-11e1-bb8e-f04da20254be,isMemberOf
researchgraph.org/ands/10378.3/8085/1018.16594,"researchgraph.org/ands/Contributor:Queensland University of Technology",hasAssociationWith
researchgraph.org/ands/0cNItCcod4TN2PTOVMAVa1mrMZsDLFYelohA8MputeUvjtCWCP2m,researchgraph.org/ands/0a7c2eb6-9026-11e1-bb8e-f04da20254be,isMemberOf
researchgraph.org/ands/8EaQsfxbbkABpAU09jux14MlrCRI5lQUcIvtXvboEYMr1E8zojqy,researchgraph.org/ands/0a7c2eb6-9026-11e1-bb8e-f04da20254be,isMemberOf
researchgraph.org/ands/O5ivztH5N1KSxRTMgL8xAHvFtG0JbfJMBfx2shSINl5dmkXmfyJ0,researchgraph.org/ands/0a7c2eb6-9026-11e1-bb8e-f04da20254be,isMemberOf
researchgraph.org/ands/10378.3/8085/1018.13706,"researchgraph.org/ands/Contributor:Queensland University of Technology",hasAssociationWith
researchgraph.org/ands/10378.3/8085/1018.16611,"researchgraph.org/ands/Contributor:Queensland University of Technology",hasAssociationWith
researchgraph.org/ands/10378.3/8085/1018.16607,"researchgraph.org/ands/Contributor:Queensland University of Technology",hasAssociationWith
researchgraph.org/ands/10378.3/8085/1018.16609,"researchgraph.org/ands/Contributor:Queensland University of Technology",hasAssociationWith
researchgraph.org/ands/4oKNJGDBXXSgwZ6OKesQpwQzpbXNjfFPI1gkwD2lR7HUcn84TI3x,researchgraph.org/ands/0a7c2eb6-9026-11e1-bb8e-f04da20254be,isMemberOf
researchgraph.org/ands/ek1lND0EGfEyy7pwcifJTTUHE0hSLAlDjd9kOZvHXeHqtlIXXkNs,researchgraph.org/ands/0a7c2eb6-9026-11e1-bb8e-f04da20254be,isMemberOf
researchgraph.org/ands/Fd0T67OvqCRgyZRYYSPFBQqnsvqdUJdpM48I1N4hfLoEB5sqO8Vg,researchgraph.org/ands/0a7c2eb6-9026-11e1-bb8e-f04da20254be,isMemberOf
researchgraph.org/ands/kpRfvbu2m6o2VkJq5EwWtySc9BthTRg47X9sYtkbqz4cKDsG7Psq,researchgraph.org/ands/0a7c2eb6-9026-11e1-bb8e-f04da20254be,isMemberOf
researchgraph.org/ands/v85TRhQ9MbLDRuyGHXlc7vC2TyFTc2e5rDESVMcJSLVZjKBGgLly,researchgraph.org/ands/0a7c2eb6-9026-11e1-bb8e-f04da20254be,isMemberOf
researchgraph.org/ands/onjNLQMNJJq9lvXdonp8vkC97qsQhkBhd1T6RJdP5bcI0Ob0Pz9N,researchgraph.org/ands/0a7c2eb6-9026-11e1-bb8e-f04da20254be,isMemberOf
researchgraph.org/ands/10378.3/8085/1018.16640,"researchgraph.org/ands/Contributor:Queensland University of Technology",hasAssociationWith
researchgraph.org/ands/10378.3/8085/1018.16617,"researchgraph.org/ands/Contributor:Queensland University of Technology",hasAssociationWith
researchgraph.org/ands/QNjukteMbGlIH9sLE4Nkj0jcCfCREDwlgFGrYL3ZhexPdQrHK5ST,researchgraph.org/ands/0a7c2eb6-9026-11e1-bb8e-f04da20254be,isMemberOf
researchgraph.org/ands/10378.3/8085/1018.13474,"researchgraph.org/ands/Contributor:Queensland University of Technology",hasAssociationWith
researchgraph.org/ands/10378.3/8085/1018.13700,"researchgraph.org/ands/Contributor:Queensland University of Technology",hasAssociationWith
researchgraph.org/ands/10378.3/8085/1018.14092,"researchgraph.org/ands/Contributor:Queensland University of Technology",hasAssociationWith
researchgraph.org/ands/10378.3/8085/1018.14366,"researchgraph.org/ands/Contributor:Queensland University of Technology",hasAssociationWith
researchgraph.org/ands/10378.3/8085/1018.14502,"researchgraph.org/ands/Contributor:Queensland University of Technology",hasAssociationWith
researchgraph.org/ands/10378.3/8085/1018.14680,"researchgraph.org/ands/Contributor:Queensland University of Technology",hasAssociationWith
researchgraph.org/ands/10378.3/8085/1018.15207,"researchgraph.org/ands/Contributor:Queensland University of Technology",hasAssociationWith
researchgraph.org/ands/10378.3/8085/1018.15555,"researchgraph.org/ands/Contributor:Queensland University of Technology",hasAssociationWith
researchgraph.org/ands/10378.3/8085/1018.16348,"researchgraph.org/ands/Contributor:Queensland University of Technology",hasAssociationWith
researchgraph.org/ands/10378.3/8085/1018.16602,"researchgraph.org/ands/Contributor:Queensland University of Technology",hasAssociationWith
researchgraph.org/ands/10378.3/8085/1018.16637,"researchgraph.org/ands/Contributor:Queensland University of Technology",hasAssociationWith
researchgraph.org/ands/10378.3/8085/1018.16642,"researchgraph.org/ands/Contributor:Queensland University of Technology",hasAssociationWith
researchgraph.org/ands/10378.3/8085/1018.16681,"researchgraph.org/ands/Contributor:Queensland University of Technology",hasAssociationWith
researchgraph.org/ands/10378.3/8085/1018.16682,"researchgraph.org/ands/Contributor:Queensland University of Technology",hasAssociationWith
researchgraph.org/ands/10378.3/8085/1018.16683,"researchgraph.org/ands/Contributor:Queensland University of Technology",hasAssociationWith
researchgraph.org/ands/10378.3/8085/1018.16686,"researchgraph.org/ands/Contributor:Queensland University of Technology",hasAssociationWith
researchgraph.org/ands/10378.3/8085/1018.16745,"researchgraph.org/ands/Contributor:Queensland University of Technology",hasAssociationWith
researchgraph.org/ands/cQjbjupHMZyMLwakWeGpldELalUA9YHcFQeObumNkKqV6q5SuB8G,researchgraph.org/ands/0a7c2eb6-9026-11e1-bb8e-f04da20254be,isMemberOf
researchgraph.org/ands/10378.3/8085/1018.16059,"researchgraph.org/ands/Contributor:Queensland University of Technology",hasAssociationWith
researchgraph.org/ands/10378.3/8085/1018.16750,"researchgraph.org/ands/Contributor:Queensland University of Technology",hasAssociationWith
researchgraph.org/ands/10378.3/8085/1018.14491,"researchgraph.org/ands/Contributor:Queensland University of Technology",hasAssociationWith
researchgraph.org/ands/10378.3/8085/1018.16777,"researchgraph.org/ands/Contributor:Queensland University of Technology",hasAssociationWith
researchgraph.org/ands/10378.3/8085/1018.16778,"researchgraph.org/ands/Contributor:Queensland University of Technology",hasAssociationWith
researchgraph.org/ands/10378.3/8085/1018.13797,"researchgraph.org/ands/Contributor:Queensland University of Technology",hasAssociationWith
researchgraph.org/ands/10378.3/8085/1018.16687,"researchgraph.org/ands/Contributor:Queensland University of Technology",hasAssociationWith
researchgraph.org/ands/10378.3/8085/1018.16688,"researchgraph.org/ands/Contributor:Queensland University of Technology",hasAssociationWith
researchgraph.org/ands/10378.3/8085/1018.16689,"researchgraph.org/ands/Contributor:Queensland University of Technology",hasAssociationWith
researchgraph.org/ands/10378.3/8085/1018.16690,"researchgraph.org/ands/Contributor:Queensland University of Technology",hasAssociationWith
researchgraph.org/ands/10378.3/8085/1018.16691,"researchgraph.org/ands/Contributor:Queensland University of Technology",hasAssociationWith
researchgraph.org/ands/10378.3/8085/1018.16692,"researchgraph.org/ands/Contributor:Queensland University of Technology",hasAssociationWith
researchgraph.org/ands/10378.3/8085/1018.15572,"researchgraph.org/ands/Contributor:Queensland University of Technology",hasAssociationWith
researchgraph.org/ands/10378.3/8085/1018.16800,"researchgraph.org/ands/Contributor:Queensland University of Technology",hasAssociationWith
researchgraph.org/ands/10378.3/8085/1018.16840,"researchgraph.org/ands/Contributor:Queensland University of Technology",hasAssociationWith
researchgraph.org/ands/10378.3/8085/1018.16844,"researchgraph.org/ands/Contributor:Queensland University of Technology",hasAssociationWith
researchgraph.org/ands/nQ82j4depRRKcInSQ9YmtNMQESiPPv93c7Vm2ZqiG8TJG6sn5hAp,researchgraph.org/ands/0a7c2eb6-9026-11e1-bb8e-f04da20254be,isMemberOf
researchgraph.org/ands/10378.3/8085/1018.16839,"researchgraph.org/ands/Contributor:Queensland University of Technology",hasAssociationWith
researchgraph.org/ands/10378.3/8085/1018.16841,"researchgraph.org/ands/Contributor:Queensland University of Technology",hasAssociationWith
researchgraph.org/ands/10378.3/8085/1018.16842,"researchgraph.org/ands/Contributor:Queensland University of Technology",hasAssociationWith
researchgraph.org/ands/1fU80o6EZoQFoDrxqr8mSa8XQhwWXP5OVQNL4KgUYWpcqHAHYzTH,researchgraph.org/ands/0a7c2eb6-9026-11e1-bb8e-f04da20254be,isMemberOf
researchgraph.org/ands/EA9L10wZzKCPnd9xJnajmf2XcGIc0eguFf5w6smw2OcfSbDspEBC,researchgraph.org/ands/0a7c2eb6-9026-11e1-bb8e-f04da20254be,isMemberOf
researchgraph.org/ands/mQWvjIWMxnj8wfQ63HkvoXxHjZO160ZjHMEQkrsIFCG1ImYBT9X8,researchgraph.org/ands/0a7c2eb6-9026-11e1-bb8e-f04da20254be,isMemberOf
researchgraph.org/ands/10378.3/8085/1018.16846,"researchgraph.org/ands/Contributor:Queensland University of Technology",hasAssociationWith
researchgraph.org/ands/10378.3/8085/1018.16854,"researchgraph.org/ands/Contributor:Queensland University of Technology",hasAssociationWith
researchgraph.org/ands/HQMhrt5lagQbVYgC07uBBEQXHvVZTWPqDrxVLt6MzNOlCUNsR7Ti,researchgraph.org/ands/0a7c2eb6-9026-11e1-bb8e-f04da20254be,isMemberOf
researchgraph.org/ands/yU2n7op42Yw9HVw0oNqevUKZPqXz1UkpFcDDrSxkGUjeGF4VilZE,researchgraph.org/ands/0a7c2eb6-9026-11e1-bb8e-f04da20254be,isMemberOf
researchgraph.org/ands/eem7fdr2rcFpm1ILblBdn9KZ0wy4SY7X2jU8mc0DewTror3pDutQ,researchgraph.org/ands/0a7c2eb6-9026-11e1-bb8e-f04da20254be,isMemberOf
researchgraph.org/ands/ZvOJRbPPs61u2BilFGScjy2lT9jlTUZJfDiXFXCXUtiNVrYrXHu7,researchgraph.org/ands/0a7c2eb6-9026-11e1-bb8e-f04da20254be,isMemberOf
researchgraph.org/ands/E2d8ozLinAMmCKPGReRFfEStunYqCjz6cC5r2Hzg8bsBL87tcPYi,researchgraph.org/ands/0874ad60-ab4d-11df-aebd-0002a5d5c51b,hasAssociationWith
researchgraph.org/ands/10378.3/8085/1018.16792,"researchgraph.org/ands/Contributor:Queensland University of Technology",hasAssociationWith
researchgraph.org/ands/10378.3/8085/1018.16873,"researchgraph.org/ands/Contributor:Queensland University of Technology",hasAssociationWith
researchgraph.org/ands/10378.3/8085/1018.16876,"researchgraph.org/ands/Contributor:Queensland University of Technology",hasAssociationWith
researchgraph.org/ands/10378.3/8085/1018.16878,"researchgraph.org/ands/Contributor:Queensland University of Technology",hasAssociationWith
researchgraph.org/ands/10378.3/8085/1018.16879,"researchgraph.org/ands/Contributor:Queensland University of Technology",hasAssociationWith
researchgraph.org/ands/10378.3/8085/1018.16880,"researchgraph.org/ands/Contributor:Queensland University of Technology",hasAssociationWith
researchgraph.org/ands/10378.3/8085/1018.16911,"researchgraph.org/ands/Contributor:Queensland University of Technology",hasAssociationWith
researchgraph.org/ands/10378.3/8085/1018.16874,"researchgraph.org/ands/Contributor:Queensland University of Technology",hasAssociationWith
researchgraph.org/ands/10378.3/8085/1018.16877,"researchgraph.org/ands/Contributor:Queensland University of Technology",hasAssociationWith
researchgraph.org/ands/10378.3/8085/1018.16914,"researchgraph.org/ands/Contributor:Queensland University of Technology",hasAssociationWith
researchgraph.org/ands/10378.3/8085/1018.16791,"researchgraph.org/ands/Contributor:Queensland University of Technology",hasAssociationWith
researchgraph.org/ands/10378.3/8085/1018.16912,"researchgraph.org/ands/Contributor:Queensland University of Technology",hasAssociationWith
researchgraph.org/ands/zrBbv29bXJC0psK8Mh2TGPVUm2C8H7e7oF8Jy8LmHdcXvNV7UORr,researchgraph.org/ands/0a7c2eb6-9026-11e1-bb8e-f04da20254be,isMemberOf
researchgraph.org/ands/sFTyHurvBKhhjPAh6aZkfGBfDrhSzYkRu4g1oxnQ8uXhaop7oeiu,researchgraph.org/ands/0a7c2eb6-9026-11e1-bb8e-f04da20254be,isMemberOf
researchgraph.org/ands/10378.3/8085/1018.16962,"researchgraph.org/ands/Contributor:Queensland University of Technology",hasAssociationWith
researchgraph.org/ands/10378.3/8085/1018.16965,"researchgraph.org/ands/Contributor:Queensland University of Technology",hasAssociationWith
researchgraph.org/ands/10378.3/8085/1018.16963,"researchgraph.org/ands/Contributor:Queensland University of Technology",hasAssociationWith
researchgraph.org/ands/uWOy8m4ii81vRIfifYHblMaR4F3AvKJQxoevB9EJ7v5O4aWaYuba,researchgraph.org/ands/0a7c2eb6-9026-11e1-bb8e-f04da20254be,isMemberOf
researchgraph.org/ands/Getfqj564z7bUotJoopRhxuP31czAUK6Z4cfd7b8x99insRBH7jP,researchgraph.org/ands/0a7c2eb6-9026-11e1-bb8e-f04da20254be,isMemberOf
researchgraph.org/ands/10378.3/8085/1018.16968,"researchgraph.org/ands/Contributor:Queensland University of Technology",hasAssociationWith
researchgraph.org/ands/10378.3/8085/1018.16181,"researchgraph.org/ands/Contributor:Queensland University of Technology",hasAssociationWith
researchgraph.org/ands/10378.3/8085/1018.16986,"researchgraph.org/ands/Contributor:Queensland University of Technology",hasAssociationWith
researchgraph.org/ands/10378.3/8085/1018.16967,"researchgraph.org/ands/Contributor:Queensland University of Technology",hasAssociationWith
