from_key,to_uri,label
researchgraph.org/ands/472307,researchgraph.org/ands/17722,isMemberOf
researchgraph.org/ands/472311,researchgraph.org/ands/17722,isMemberOf
researchgraph.org/ands/472323,researchgraph.org/ands/17722,isMemberOf
researchgraph.org/ands/472321,researchgraph.org/ands/17722,isMemberOf
researchgraph.org/ands/477695,researchgraph.org/ands/17722,isMemberOf
researchgraph.org/ands/477694,researchgraph.org/ands/17722,isMemberOf
researchgraph.org/ands/645160,researchgraph.org/ands/17722,isMemberOf
researchgraph.org/ands/472299,researchgraph.org/ands/17722,isMemberOf
researchgraph.org/ands/472302,researchgraph.org/ands/17722,isMemberOf
researchgraph.org/ands/341216,researchgraph.org/ands/341215,hasAssociationWith
researchgraph.org/ands/259215,researchgraph.org/ands/17722,isMemberOf
researchgraph.org/ands/316806,researchgraph.org/ands/17722,isMemberOf
researchgraph.org/ands/316835,researchgraph.org/ands/17722,isMemberOf
researchgraph.org/ands/316837,researchgraph.org/ands/17722,isMemberOf
researchgraph.org/ands/316836,researchgraph.org/ands/17722,isMemberOf
researchgraph.org/ands/259214,researchgraph.org/ands/17722,isMemberOf
researchgraph.org/ands/341206,researchgraph.org/ands/341215,hasAssociationWith
researchgraph.org/ands/341208,researchgraph.org/ands/341215,hasAssociationWith
researchgraph.org/ands/341211,researchgraph.org/ands/341215,hasAssociationWith
researchgraph.org/ands/341204,researchgraph.org/ands/341215,hasAssociationWith
researchgraph.org/ands/341210,researchgraph.org/ands/341215,hasAssociationWith
researchgraph.org/ands/341203,researchgraph.org/ands/341215,hasAssociationWith
researchgraph.org/ands/792249,researchgraph.org/ands/17722,isMemberOf
researchgraph.org/ands/792250,researchgraph.org/ands/17722,isMemberOf
researchgraph.org/ands/341205,researchgraph.org/ands/341215,hasAssociationWith
researchgraph.org/ands/341200,researchgraph.org/ands/341215,hasAssociationWith
researchgraph.org/ands/341207,researchgraph.org/ands/341215,hasAssociationWith
researchgraph.org/ands/341201,researchgraph.org/ands/341215,hasAssociationWith
researchgraph.org/ands/341212,researchgraph.org/ands/341215,hasAssociationWith
researchgraph.org/ands/794716,researchgraph.org/ands/17722,isMemberOf
researchgraph.org/ands/794715,researchgraph.org/ands/17722,isMemberOf
researchgraph.org/ands/794678,researchgraph.org/ands/17722,isMemberOf
researchgraph.org/ands/754145,researchgraph.org/ands/17722,isMemberOf
researchgraph.org/ands/512064,researchgraph.org/ands/17722,isMemberOf
researchgraph.org/ands/512056,researchgraph.org/ands/17722,isMemberOf
researchgraph.org/ands/814964,researchgraph.org/ands/17722,isMemberOf
researchgraph.org/ands/13964,researchgraph.org/ands/13962,hasAssociationWith
researchgraph.org/ands/671508,researchgraph.org/ands/13962,hasAssociationWith
researchgraph.org/ands/671510,researchgraph.org/ands/13962,hasAssociationWith
researchgraph.org/ands/671512,researchgraph.org/ands/13962,hasAssociationWith
researchgraph.org/ands/671513,researchgraph.org/ands/13962,hasAssociationWith
researchgraph.org/ands/671650,researchgraph.org/ands/13962,hasAssociationWith
researchgraph.org/ands/671651,researchgraph.org/ands/13962,hasAssociationWith
researchgraph.org/ands/671653,researchgraph.org/ands/13962,hasAssociationWith
researchgraph.org/ands/1306120,researchgraph.org/ands/13962,hasAssociationWith
researchgraph.org/ands/992155,researchgraph.org/ands/17722,isMemberOf
researchgraph.org/ands/814963,researchgraph.org/ands/17722,isMemberOf
researchgraph.org/ands/993049,researchgraph.org/ands/17722,isMemberOf
researchgraph.org/ands/995752,researchgraph.org/ands/17722,isMemberOf
researchgraph.org/ands/1322056,researchgraph.org/ands/17722,isMemberOf
researchgraph.org/ands/993055,researchgraph.org/ands/17722,isMemberOf
researchgraph.org/ands/993052,researchgraph.org/ands/17722,isMemberOf
researchgraph.org/ands/814982,researchgraph.org/ands/17722,isMemberOf
researchgraph.org/ands/814983,researchgraph.org/ands/17722,isMemberOf
researchgraph.org/ands/14104,researchgraph.org/ands/14189,hasAssociationWith
researchgraph.org/ands/14105,researchgraph.org/ands/14189,hasAssociationWith
researchgraph.org/ands/14106,researchgraph.org/ands/14189,hasAssociationWith
researchgraph.org/ands/14108,researchgraph.org/ands/14189,hasAssociationWith
researchgraph.org/ands/14117,researchgraph.org/ands/14189,hasAssociationWith
researchgraph.org/ands/14118,researchgraph.org/ands/14189,hasAssociationWith
researchgraph.org/ands/14121,researchgraph.org/ands/14189,hasAssociationWith
researchgraph.org/ands/14122,researchgraph.org/ands/14189,hasAssociationWith
researchgraph.org/ands/14127,researchgraph.org/ands/14189,hasAssociationWith
researchgraph.org/ands/14128,researchgraph.org/ands/14189,hasAssociationWith
researchgraph.org/ands/14129,researchgraph.org/ands/14189,hasAssociationWith
researchgraph.org/ands/14131,researchgraph.org/ands/14189,hasAssociationWith
researchgraph.org/ands/14134,researchgraph.org/ands/14189,hasAssociationWith
researchgraph.org/ands/14144,researchgraph.org/ands/14189,hasAssociationWith
researchgraph.org/ands/14145,researchgraph.org/ands/14189,hasAssociationWith
researchgraph.org/ands/14146,researchgraph.org/ands/14189,hasAssociationWith
researchgraph.org/ands/14147,researchgraph.org/ands/14189,hasAssociationWith
researchgraph.org/ands/14148,researchgraph.org/ands/14189,hasAssociationWith
researchgraph.org/ands/14151,researchgraph.org/ands/14189,hasAssociationWith
researchgraph.org/ands/14152,researchgraph.org/ands/14189,hasAssociationWith
researchgraph.org/ands/14153,researchgraph.org/ands/14189,hasAssociationWith
researchgraph.org/ands/14163,researchgraph.org/ands/14189,hasAssociationWith
researchgraph.org/ands/14165,researchgraph.org/ands/14189,hasAssociationWith
researchgraph.org/ands/14166,researchgraph.org/ands/14189,hasAssociationWith
researchgraph.org/ands/14167,researchgraph.org/ands/14189,hasAssociationWith
researchgraph.org/ands/14168,researchgraph.org/ands/14189,hasAssociationWith
researchgraph.org/ands/14178,researchgraph.org/ands/14189,hasAssociationWith
researchgraph.org/ands/14179,researchgraph.org/ands/14189,hasAssociationWith
researchgraph.org/ands/14180,researchgraph.org/ands/14189,hasAssociationWith
researchgraph.org/ands/14182,researchgraph.org/ands/14189,hasAssociationWith
researchgraph.org/ands/14185,researchgraph.org/ands/14189,hasAssociationWith
researchgraph.org/ands/14187,researchgraph.org/ands/14189,hasAssociationWith
researchgraph.org/ands/14190,researchgraph.org/ands/14189,hasAssociationWith
researchgraph.org/ands/14191,researchgraph.org/ands/14189,hasAssociationWith
researchgraph.org/ands/14193,researchgraph.org/ands/14189,hasAssociationWith
researchgraph.org/ands/14203,researchgraph.org/ands/14189,hasAssociationWith
researchgraph.org/ands/14204,researchgraph.org/ands/14189,hasAssociationWith
researchgraph.org/ands/14206,researchgraph.org/ands/14189,hasAssociationWith
researchgraph.org/ands/14207,researchgraph.org/ands/14189,hasAssociationWith
researchgraph.org/ands/14208,researchgraph.org/ands/14189,hasAssociationWith
researchgraph.org/ands/14210,researchgraph.org/ands/14189,hasAssociationWith
researchgraph.org/ands/14212,researchgraph.org/ands/14189,hasAssociationWith
researchgraph.org/ands/14216,researchgraph.org/ands/14189,hasAssociationWith
researchgraph.org/ands/348611,researchgraph.org/ands/14189,hasAssociationWith
researchgraph.org/ands/348612,researchgraph.org/ands/14189,hasAssociationWith
researchgraph.org/ands/348614,researchgraph.org/ands/14189,hasAssociationWith
researchgraph.org/ands/348615,researchgraph.org/ands/14189,hasAssociationWith
researchgraph.org/ands/448373,researchgraph.org/ands/14189,hasAssociationWith
researchgraph.org/ands/448374,researchgraph.org/ands/14189,hasAssociationWith
researchgraph.org/ands/448377,researchgraph.org/ands/14189,hasAssociationWith
researchgraph.org/ands/448378,researchgraph.org/ands/14189,hasAssociationWith
researchgraph.org/ands/448379,researchgraph.org/ands/14189,hasAssociationWith
researchgraph.org/ands/448380,researchgraph.org/ands/14189,hasAssociationWith
researchgraph.org/ands/448381,researchgraph.org/ands/14189,hasAssociationWith
researchgraph.org/ands/448382,researchgraph.org/ands/14189,hasAssociationWith
researchgraph.org/ands/448383,researchgraph.org/ands/14189,hasAssociationWith
researchgraph.org/ands/448384,researchgraph.org/ands/14189,hasAssociationWith
researchgraph.org/ands/448385,researchgraph.org/ands/14189,hasAssociationWith
researchgraph.org/ands/448386,researchgraph.org/ands/14189,hasAssociationWith
researchgraph.org/ands/448387,researchgraph.org/ands/14189,hasAssociationWith
researchgraph.org/ands/448388,researchgraph.org/ands/14189,hasAssociationWith
researchgraph.org/ands/448389,researchgraph.org/ands/14189,hasAssociationWith
researchgraph.org/ands/448390,researchgraph.org/ands/14189,hasAssociationWith
researchgraph.org/ands/448391,researchgraph.org/ands/14189,hasAssociationWith
researchgraph.org/ands/448392,researchgraph.org/ands/14189,hasAssociationWith
researchgraph.org/ands/448393,researchgraph.org/ands/14189,hasAssociationWith
researchgraph.org/ands/448395,researchgraph.org/ands/14189,hasAssociationWith
researchgraph.org/ands/448396,researchgraph.org/ands/14189,hasAssociationWith
researchgraph.org/ands/448399,researchgraph.org/ands/14189,hasAssociationWith
researchgraph.org/ands/448400,researchgraph.org/ands/14189,hasAssociationWith
researchgraph.org/ands/448401,researchgraph.org/ands/14189,hasAssociationWith
researchgraph.org/ands/448402,researchgraph.org/ands/14189,hasAssociationWith
researchgraph.org/ands/448403,researchgraph.org/ands/14189,hasAssociationWith
researchgraph.org/ands/448404,researchgraph.org/ands/14189,hasAssociationWith
researchgraph.org/ands/448405,researchgraph.org/ands/14189,hasAssociationWith
researchgraph.org/ands/448406,researchgraph.org/ands/14189,hasAssociationWith
researchgraph.org/ands/448407,researchgraph.org/ands/14189,hasAssociationWith
researchgraph.org/ands/448408,researchgraph.org/ands/14189,hasAssociationWith
researchgraph.org/ands/448409,researchgraph.org/ands/14189,hasAssociationWith
researchgraph.org/ands/448410,researchgraph.org/ands/14189,hasAssociationWith
researchgraph.org/ands/448411,researchgraph.org/ands/14189,hasAssociationWith
researchgraph.org/ands/448412,researchgraph.org/ands/14189,hasAssociationWith
researchgraph.org/ands/448413,researchgraph.org/ands/14189,hasAssociationWith
researchgraph.org/ands/448414,researchgraph.org/ands/14189,hasAssociationWith
researchgraph.org/ands/448415,researchgraph.org/ands/14189,hasAssociationWith
researchgraph.org/ands/448416,researchgraph.org/ands/14189,hasAssociationWith
researchgraph.org/ands/448417,researchgraph.org/ands/14189,hasAssociationWith
researchgraph.org/ands/448418,researchgraph.org/ands/14189,hasAssociationWith
researchgraph.org/ands/448419,researchgraph.org/ands/14189,hasAssociationWith
researchgraph.org/ands/449171,researchgraph.org/ands/14189,hasAssociationWith
researchgraph.org/ands/449172,researchgraph.org/ands/14189,hasAssociationWith
researchgraph.org/ands/449173,researchgraph.org/ands/14189,hasAssociationWith
researchgraph.org/ands/453751,researchgraph.org/ands/14189,hasAssociationWith
researchgraph.org/ands/454002,researchgraph.org/ands/14189,hasAssociationWith
researchgraph.org/ands/454003,researchgraph.org/ands/14189,hasAssociationWith
researchgraph.org/ands/454004,researchgraph.org/ands/14189,hasAssociationWith
researchgraph.org/ands/454005,researchgraph.org/ands/14189,hasAssociationWith
researchgraph.org/ands/454006,researchgraph.org/ands/14189,hasAssociationWith
researchgraph.org/ands/461290,researchgraph.org/ands/14189,hasAssociationWith
researchgraph.org/ands/461291,researchgraph.org/ands/14189,hasAssociationWith
researchgraph.org/ands/461292,researchgraph.org/ands/14189,hasAssociationWith
researchgraph.org/ands/461294,researchgraph.org/ands/14189,hasAssociationWith
researchgraph.org/ands/463891,researchgraph.org/ands/14189,hasAssociationWith
researchgraph.org/ands/463894,researchgraph.org/ands/14189,hasAssociationWith
researchgraph.org/ands/463895,researchgraph.org/ands/14189,hasAssociationWith
researchgraph.org/ands/463896,researchgraph.org/ands/14189,hasAssociationWith
researchgraph.org/ands/463897,researchgraph.org/ands/14189,hasAssociationWith
researchgraph.org/ands/468239,researchgraph.org/ands/14189,hasAssociationWith
researchgraph.org/ands/468240,researchgraph.org/ands/14189,hasAssociationWith
researchgraph.org/ands/468241,researchgraph.org/ands/14189,hasAssociationWith
researchgraph.org/ands/468254,researchgraph.org/ands/14189,hasAssociationWith
researchgraph.org/ands/468569,researchgraph.org/ands/14189,hasAssociationWith
researchgraph.org/ands/468572,researchgraph.org/ands/14189,hasAssociationWith
researchgraph.org/ands/468573,researchgraph.org/ands/14189,hasAssociationWith
researchgraph.org/ands/468574,researchgraph.org/ands/14189,hasAssociationWith
researchgraph.org/ands/468575,researchgraph.org/ands/14189,hasAssociationWith
researchgraph.org/ands/468576,researchgraph.org/ands/14189,hasAssociationWith
researchgraph.org/ands/468577,researchgraph.org/ands/14189,hasAssociationWith
researchgraph.org/ands/468578,researchgraph.org/ands/14189,hasAssociationWith
researchgraph.org/ands/468579,researchgraph.org/ands/14189,hasAssociationWith
researchgraph.org/ands/468580,researchgraph.org/ands/14189,hasAssociationWith
researchgraph.org/ands/468583,researchgraph.org/ands/14189,hasAssociationWith
researchgraph.org/ands/468584,researchgraph.org/ands/14189,hasAssociationWith
researchgraph.org/ands/468585,researchgraph.org/ands/14189,hasAssociationWith
researchgraph.org/ands/468586,researchgraph.org/ands/14189,hasAssociationWith
researchgraph.org/ands/468587,researchgraph.org/ands/14189,hasAssociationWith
researchgraph.org/ands/468588,researchgraph.org/ands/14189,hasAssociationWith
researchgraph.org/ands/468589,researchgraph.org/ands/14189,hasAssociationWith
researchgraph.org/ands/468590,researchgraph.org/ands/14189,hasAssociationWith
researchgraph.org/ands/468591,researchgraph.org/ands/14189,hasAssociationWith
researchgraph.org/ands/468592,researchgraph.org/ands/14189,hasAssociationWith
researchgraph.org/ands/468593,researchgraph.org/ands/14189,hasAssociationWith
researchgraph.org/ands/468594,researchgraph.org/ands/14189,hasAssociationWith
researchgraph.org/ands/468595,researchgraph.org/ands/14189,hasAssociationWith
researchgraph.org/ands/477669,researchgraph.org/ands/14189,hasAssociationWith
researchgraph.org/ands/477670,researchgraph.org/ands/14189,hasAssociationWith
researchgraph.org/ands/477671,researchgraph.org/ands/14189,hasAssociationWith
researchgraph.org/ands/477672,researchgraph.org/ands/14189,hasAssociationWith
researchgraph.org/ands/477673,researchgraph.org/ands/14189,hasAssociationWith
researchgraph.org/ands/477674,researchgraph.org/ands/14189,hasAssociationWith
researchgraph.org/ands/477675,researchgraph.org/ands/14189,hasAssociationWith
researchgraph.org/ands/477676,researchgraph.org/ands/14189,hasAssociationWith
researchgraph.org/ands/477677,researchgraph.org/ands/14189,hasAssociationWith
researchgraph.org/ands/477678,researchgraph.org/ands/14189,hasAssociationWith
researchgraph.org/ands/477679,researchgraph.org/ands/14189,hasAssociationWith
researchgraph.org/ands/494919,researchgraph.org/ands/14189,hasAssociationWith
researchgraph.org/ands/494920,researchgraph.org/ands/14189,hasAssociationWith
researchgraph.org/ands/504395,researchgraph.org/ands/14189,hasAssociationWith
researchgraph.org/ands/504397,researchgraph.org/ands/14189,hasAssociationWith
researchgraph.org/ands/504409,researchgraph.org/ands/14189,hasAssociationWith
researchgraph.org/ands/504413,researchgraph.org/ands/14189,hasAssociationWith
researchgraph.org/ands/504414,researchgraph.org/ands/14189,hasAssociationWith
researchgraph.org/ands/504416,researchgraph.org/ands/14189,hasAssociationWith
researchgraph.org/ands/504419,researchgraph.org/ands/14189,hasAssociationWith
researchgraph.org/ands/504422,researchgraph.org/ands/14189,hasAssociationWith
researchgraph.org/ands/504423,researchgraph.org/ands/14189,hasAssociationWith
researchgraph.org/ands/504424,researchgraph.org/ands/14189,hasAssociationWith
researchgraph.org/ands/504425,researchgraph.org/ands/14189,hasAssociationWith
researchgraph.org/ands/504426,researchgraph.org/ands/14189,hasAssociationWith
researchgraph.org/ands/504427,researchgraph.org/ands/14189,hasAssociationWith
researchgraph.org/ands/504428,researchgraph.org/ands/14189,hasAssociationWith
researchgraph.org/ands/504430,researchgraph.org/ands/14189,hasAssociationWith
researchgraph.org/ands/504431,researchgraph.org/ands/14189,hasAssociationWith
researchgraph.org/ands/504432,researchgraph.org/ands/14189,hasAssociationWith
researchgraph.org/ands/504433,researchgraph.org/ands/14189,hasAssociationWith
researchgraph.org/ands/504434,researchgraph.org/ands/14189,hasAssociationWith
researchgraph.org/ands/504440,researchgraph.org/ands/14189,hasAssociationWith
researchgraph.org/ands/504441,researchgraph.org/ands/14189,hasAssociationWith
researchgraph.org/ands/504442,researchgraph.org/ands/14189,hasAssociationWith
researchgraph.org/ands/504443,researchgraph.org/ands/14189,hasAssociationWith
researchgraph.org/ands/504444,researchgraph.org/ands/14189,hasAssociationWith
researchgraph.org/ands/504486,researchgraph.org/ands/14189,hasAssociationWith
researchgraph.org/ands/504487,researchgraph.org/ands/14189,hasAssociationWith
researchgraph.org/ands/504488,researchgraph.org/ands/14189,hasAssociationWith
researchgraph.org/ands/504489,researchgraph.org/ands/14189,hasAssociationWith
researchgraph.org/ands/504490,researchgraph.org/ands/14189,hasAssociationWith
researchgraph.org/ands/504491,researchgraph.org/ands/14189,hasAssociationWith
researchgraph.org/ands/504492,researchgraph.org/ands/14189,hasAssociationWith
researchgraph.org/ands/504493,researchgraph.org/ands/14189,hasAssociationWith
researchgraph.org/ands/504494,researchgraph.org/ands/14189,hasAssociationWith
researchgraph.org/ands/504495,researchgraph.org/ands/14189,hasAssociationWith
researchgraph.org/ands/504971,researchgraph.org/ands/14189,hasAssociationWith
researchgraph.org/ands/504972,researchgraph.org/ands/14189,hasAssociationWith
researchgraph.org/ands/504973,researchgraph.org/ands/14189,hasAssociationWith
researchgraph.org/ands/504974,researchgraph.org/ands/14189,hasAssociationWith
researchgraph.org/ands/504975,researchgraph.org/ands/14189,hasAssociationWith
researchgraph.org/ands/504976,researchgraph.org/ands/14189,hasAssociationWith
researchgraph.org/ands/504977,researchgraph.org/ands/14189,hasAssociationWith
researchgraph.org/ands/504978,researchgraph.org/ands/14189,hasAssociationWith
researchgraph.org/ands/512287,researchgraph.org/ands/14189,hasAssociationWith
researchgraph.org/ands/513123,researchgraph.org/ands/14189,hasAssociationWith
researchgraph.org/ands/513124,researchgraph.org/ands/14189,hasAssociationWith
researchgraph.org/ands/513126,researchgraph.org/ands/14189,hasAssociationWith
researchgraph.org/ands/513127,researchgraph.org/ands/14189,hasAssociationWith
researchgraph.org/ands/513128,researchgraph.org/ands/14189,hasAssociationWith
researchgraph.org/ands/513129,researchgraph.org/ands/14189,hasAssociationWith
researchgraph.org/ands/513131,researchgraph.org/ands/14189,hasAssociationWith
researchgraph.org/ands/513132,researchgraph.org/ands/14189,hasAssociationWith
researchgraph.org/ands/516493,researchgraph.org/ands/14189,hasAssociationWith
researchgraph.org/ands/516494,researchgraph.org/ands/14189,hasAssociationWith
researchgraph.org/ands/516496,researchgraph.org/ands/14189,hasAssociationWith
researchgraph.org/ands/516497,researchgraph.org/ands/14189,hasAssociationWith
researchgraph.org/ands/516574,researchgraph.org/ands/14189,hasAssociationWith
researchgraph.org/ands/516575,researchgraph.org/ands/14189,hasAssociationWith
researchgraph.org/ands/516576,researchgraph.org/ands/14189,hasAssociationWith
researchgraph.org/ands/516577,researchgraph.org/ands/14189,hasAssociationWith
researchgraph.org/ands/516578,researchgraph.org/ands/14189,hasAssociationWith
researchgraph.org/ands/516579,researchgraph.org/ands/14189,hasAssociationWith
researchgraph.org/ands/516655,researchgraph.org/ands/14189,hasAssociationWith
researchgraph.org/ands/516656,researchgraph.org/ands/14189,hasAssociationWith
researchgraph.org/ands/516808,researchgraph.org/ands/14189,hasAssociationWith
researchgraph.org/ands/516809,researchgraph.org/ands/14189,hasAssociationWith
researchgraph.org/ands/516810,researchgraph.org/ands/14189,hasAssociationWith
researchgraph.org/ands/516811,researchgraph.org/ands/14189,hasAssociationWith
researchgraph.org/ands/516812,researchgraph.org/ands/14189,hasAssociationWith
researchgraph.org/ands/516813,researchgraph.org/ands/14189,hasAssociationWith
researchgraph.org/ands/516814,researchgraph.org/ands/14189,hasAssociationWith
researchgraph.org/ands/516815,researchgraph.org/ands/14189,hasAssociationWith
researchgraph.org/ands/516816,researchgraph.org/ands/14189,hasAssociationWith
researchgraph.org/ands/516817,researchgraph.org/ands/14189,hasAssociationWith
researchgraph.org/ands/550000,researchgraph.org/ands/14189,hasAssociationWith
researchgraph.org/ands/550001,researchgraph.org/ands/14189,hasAssociationWith
researchgraph.org/ands/550002,researchgraph.org/ands/14189,hasAssociationWith
researchgraph.org/ands/550003,researchgraph.org/ands/14189,hasAssociationWith
researchgraph.org/ands/550004,researchgraph.org/ands/14189,hasAssociationWith
researchgraph.org/ands/550006,researchgraph.org/ands/14189,hasAssociationWith
researchgraph.org/ands/550007,researchgraph.org/ands/14189,hasAssociationWith
researchgraph.org/ands/550008,researchgraph.org/ands/14189,hasAssociationWith
researchgraph.org/ands/550009,researchgraph.org/ands/14189,hasAssociationWith
researchgraph.org/ands/550011,researchgraph.org/ands/14189,hasAssociationWith
researchgraph.org/ands/552179,researchgraph.org/ands/14189,hasAssociationWith
researchgraph.org/ands/552180,researchgraph.org/ands/14189,hasAssociationWith
researchgraph.org/ands/552181,researchgraph.org/ands/14189,hasAssociationWith
researchgraph.org/ands/552182,researchgraph.org/ands/14189,hasAssociationWith
researchgraph.org/ands/552183,researchgraph.org/ands/14189,hasAssociationWith
researchgraph.org/ands/552184,researchgraph.org/ands/14189,hasAssociationWith
researchgraph.org/ands/552185,researchgraph.org/ands/14189,hasAssociationWith
researchgraph.org/ands/552186,researchgraph.org/ands/14189,hasAssociationWith
researchgraph.org/ands/553368,researchgraph.org/ands/14189,hasAssociationWith
researchgraph.org/ands/561284,researchgraph.org/ands/14189,hasAssociationWith
researchgraph.org/ands/561285,researchgraph.org/ands/14189,hasAssociationWith
researchgraph.org/ands/617185,researchgraph.org/ands/14189,hasAssociationWith
researchgraph.org/ands/617186,researchgraph.org/ands/14189,hasAssociationWith
researchgraph.org/ands/617187,researchgraph.org/ands/14189,hasAssociationWith
researchgraph.org/ands/617188,researchgraph.org/ands/14189,hasAssociationWith
researchgraph.org/ands/617189,researchgraph.org/ands/14189,hasAssociationWith
researchgraph.org/ands/617190,researchgraph.org/ands/14189,hasAssociationWith
researchgraph.org/ands/617191,researchgraph.org/ands/14189,hasAssociationWith
researchgraph.org/ands/617192,researchgraph.org/ands/14189,hasAssociationWith
researchgraph.org/ands/617193,researchgraph.org/ands/14189,hasAssociationWith
researchgraph.org/ands/617194,researchgraph.org/ands/14189,hasAssociationWith
researchgraph.org/ands/617195,researchgraph.org/ands/14189,hasAssociationWith
researchgraph.org/ands/617196,researchgraph.org/ands/14189,hasAssociationWith
researchgraph.org/ands/617197,researchgraph.org/ands/14189,hasAssociationWith
researchgraph.org/ands/617198,researchgraph.org/ands/14189,hasAssociationWith
researchgraph.org/ands/617199,researchgraph.org/ands/14189,hasAssociationWith
researchgraph.org/ands/617200,researchgraph.org/ands/14189,hasAssociationWith
researchgraph.org/ands/617201,researchgraph.org/ands/14189,hasAssociationWith
researchgraph.org/ands/617202,researchgraph.org/ands/14189,hasAssociationWith
researchgraph.org/ands/617203,researchgraph.org/ands/14189,hasAssociationWith
researchgraph.org/ands/617204,researchgraph.org/ands/14189,hasAssociationWith
researchgraph.org/ands/617205,researchgraph.org/ands/14189,hasAssociationWith
researchgraph.org/ands/617206,researchgraph.org/ands/14189,hasAssociationWith
researchgraph.org/ands/617207,researchgraph.org/ands/14189,hasAssociationWith
researchgraph.org/ands/617208,researchgraph.org/ands/14189,hasAssociationWith
researchgraph.org/ands/619204,researchgraph.org/ands/14189,hasAssociationWith
researchgraph.org/ands/619205,researchgraph.org/ands/14189,hasAssociationWith
researchgraph.org/ands/619206,researchgraph.org/ands/14189,hasAssociationWith
researchgraph.org/ands/619207,researchgraph.org/ands/14189,hasAssociationWith
researchgraph.org/ands/619208,researchgraph.org/ands/14189,hasAssociationWith
researchgraph.org/ands/619209,researchgraph.org/ands/14189,hasAssociationWith
researchgraph.org/ands/619210,researchgraph.org/ands/14189,hasAssociationWith
researchgraph.org/ands/619211,researchgraph.org/ands/14189,hasAssociationWith
researchgraph.org/ands/619212,researchgraph.org/ands/14189,hasAssociationWith
researchgraph.org/ands/619213,researchgraph.org/ands/14189,hasAssociationWith
researchgraph.org/ands/619214,researchgraph.org/ands/14189,hasAssociationWith
researchgraph.org/ands/619215,researchgraph.org/ands/14189,hasAssociationWith
researchgraph.org/ands/619216,researchgraph.org/ands/14189,hasAssociationWith
researchgraph.org/ands/619217,researchgraph.org/ands/14189,hasAssociationWith
researchgraph.org/ands/619218,researchgraph.org/ands/14189,hasAssociationWith
researchgraph.org/ands/619219,researchgraph.org/ands/14189,hasAssociationWith
researchgraph.org/ands/619220,researchgraph.org/ands/14189,hasAssociationWith
researchgraph.org/ands/619221,researchgraph.org/ands/14189,hasAssociationWith
researchgraph.org/ands/619222,researchgraph.org/ands/14189,hasAssociationWith
researchgraph.org/ands/619223,researchgraph.org/ands/14189,hasAssociationWith
researchgraph.org/ands/619224,researchgraph.org/ands/14189,hasAssociationWith
researchgraph.org/ands/619225,researchgraph.org/ands/14189,hasAssociationWith
researchgraph.org/ands/619226,researchgraph.org/ands/14189,hasAssociationWith
researchgraph.org/ands/619228,researchgraph.org/ands/14189,hasAssociationWith
researchgraph.org/ands/619229,researchgraph.org/ands/14189,hasAssociationWith
researchgraph.org/ands/619317,researchgraph.org/ands/14189,hasAssociationWith
researchgraph.org/ands/625019,researchgraph.org/ands/14189,hasAssociationWith
researchgraph.org/ands/625564,researchgraph.org/ands/14189,hasAssociationWith
researchgraph.org/ands/625565,researchgraph.org/ands/14189,hasAssociationWith
researchgraph.org/ands/625566,researchgraph.org/ands/14189,hasAssociationWith
researchgraph.org/ands/625634,researchgraph.org/ands/14189,hasAssociationWith
researchgraph.org/ands/625635,researchgraph.org/ands/14189,hasAssociationWith
researchgraph.org/ands/625636,researchgraph.org/ands/14189,hasAssociationWith
researchgraph.org/ands/626042,researchgraph.org/ands/14189,hasAssociationWith
researchgraph.org/ands/631990,researchgraph.org/ands/14189,hasAssociationWith
researchgraph.org/ands/631991,researchgraph.org/ands/14189,hasAssociationWith
researchgraph.org/ands/632301,researchgraph.org/ands/14189,hasAssociationWith
researchgraph.org/ands/632302,researchgraph.org/ands/14189,hasAssociationWith
researchgraph.org/ands/638535,researchgraph.org/ands/14189,hasAssociationWith
researchgraph.org/ands/638536,researchgraph.org/ands/14189,hasAssociationWith
researchgraph.org/ands/638537,researchgraph.org/ands/14189,hasAssociationWith
researchgraph.org/ands/638538,researchgraph.org/ands/14189,hasAssociationWith
researchgraph.org/ands/638539,researchgraph.org/ands/14189,hasAssociationWith
researchgraph.org/ands/639747,researchgraph.org/ands/14189,hasAssociationWith
researchgraph.org/ands/639749,researchgraph.org/ands/14189,hasAssociationWith
researchgraph.org/ands/640012,researchgraph.org/ands/14189,hasAssociationWith
researchgraph.org/ands/640013,researchgraph.org/ands/14189,hasAssociationWith
researchgraph.org/ands/640014,researchgraph.org/ands/14189,hasAssociationWith
researchgraph.org/ands/640015,researchgraph.org/ands/14189,hasAssociationWith
researchgraph.org/ands/640016,researchgraph.org/ands/14189,hasAssociationWith
researchgraph.org/ands/640017,researchgraph.org/ands/14189,hasAssociationWith
researchgraph.org/ands/650565,researchgraph.org/ands/14189,hasAssociationWith
researchgraph.org/ands/650566,researchgraph.org/ands/14189,hasAssociationWith
researchgraph.org/ands/650749,researchgraph.org/ands/14189,hasAssociationWith
researchgraph.org/ands/652408,researchgraph.org/ands/14189,hasAssociationWith
researchgraph.org/ands/655823,researchgraph.org/ands/14189,hasAssociationWith
researchgraph.org/ands/655824,researchgraph.org/ands/14189,hasAssociationWith
researchgraph.org/ands/655825,researchgraph.org/ands/14189,hasAssociationWith
researchgraph.org/ands/655826,researchgraph.org/ands/14189,hasAssociationWith
researchgraph.org/ands/663523,researchgraph.org/ands/14189,hasAssociationWith
researchgraph.org/ands/663524,researchgraph.org/ands/14189,hasAssociationWith
researchgraph.org/ands/663525,researchgraph.org/ands/14189,hasAssociationWith
researchgraph.org/ands/671975,researchgraph.org/ands/14189,hasAssociationWith
researchgraph.org/ands/671976,researchgraph.org/ands/14189,hasAssociationWith
researchgraph.org/ands/673182,researchgraph.org/ands/14189,hasAssociationWith
researchgraph.org/ands/673183,researchgraph.org/ands/14189,hasAssociationWith
researchgraph.org/ands/673184,researchgraph.org/ands/14189,hasAssociationWith
researchgraph.org/ands/673185,researchgraph.org/ands/14189,hasAssociationWith
researchgraph.org/ands/673186,researchgraph.org/ands/14189,hasAssociationWith
researchgraph.org/ands/673955,researchgraph.org/ands/14189,hasAssociationWith
researchgraph.org/ands/674964,researchgraph.org/ands/14189,hasAssociationWith
researchgraph.org/ands/674965,researchgraph.org/ands/14189,hasAssociationWith
researchgraph.org/ands/674966,researchgraph.org/ands/14189,hasAssociationWith
researchgraph.org/ands/674967,researchgraph.org/ands/14189,hasAssociationWith
researchgraph.org/ands/674968,researchgraph.org/ands/14189,hasAssociationWith
researchgraph.org/ands/674998,researchgraph.org/ands/14189,hasAssociationWith
researchgraph.org/ands/674999,researchgraph.org/ands/14189,hasAssociationWith
researchgraph.org/ands/675000,researchgraph.org/ands/14189,hasAssociationWith
researchgraph.org/ands/753936,researchgraph.org/ands/14189,hasAssociationWith
researchgraph.org/ands/789472,researchgraph.org/ands/14189,hasAssociationWith
researchgraph.org/ands/792766,researchgraph.org/ands/14189,hasAssociationWith
researchgraph.org/ands/813026,researchgraph.org/ands/14189,hasAssociationWith
researchgraph.org/ands/814947,researchgraph.org/ands/14189,hasAssociationWith
researchgraph.org/ands/814956,researchgraph.org/ands/14189,hasAssociationWith
researchgraph.org/ands/814957,researchgraph.org/ands/14189,hasAssociationWith
researchgraph.org/ands/818286,researchgraph.org/ands/14189,hasAssociationWith
researchgraph.org/ands/818690,researchgraph.org/ands/14189,hasAssociationWith
researchgraph.org/ands/939308,researchgraph.org/ands/14189,hasAssociationWith
researchgraph.org/ands/939311,researchgraph.org/ands/14189,hasAssociationWith
researchgraph.org/ands/939314,researchgraph.org/ands/14189,hasAssociationWith
researchgraph.org/ands/939317,researchgraph.org/ands/14189,hasAssociationWith
researchgraph.org/ands/939320,researchgraph.org/ands/14189,hasAssociationWith
researchgraph.org/ands/939323,researchgraph.org/ands/14189,hasAssociationWith
researchgraph.org/ands/939326,researchgraph.org/ands/14189,hasAssociationWith
researchgraph.org/ands/939335,researchgraph.org/ands/14189,hasAssociationWith
researchgraph.org/ands/939338,researchgraph.org/ands/14189,hasAssociationWith
researchgraph.org/ands/939341,researchgraph.org/ands/14189,hasAssociationWith
researchgraph.org/ands/939344,researchgraph.org/ands/14189,hasAssociationWith
researchgraph.org/ands/939347,researchgraph.org/ands/14189,hasAssociationWith
researchgraph.org/ands/939350,researchgraph.org/ands/14189,hasAssociationWith
researchgraph.org/ands/939353,researchgraph.org/ands/14189,hasAssociationWith
researchgraph.org/ands/940066,researchgraph.org/ands/14189,hasAssociationWith
researchgraph.org/ands/940501,researchgraph.org/ands/14189,hasAssociationWith
researchgraph.org/ands/940504,researchgraph.org/ands/14189,hasAssociationWith
researchgraph.org/ands/951328,researchgraph.org/ands/14189,hasAssociationWith
researchgraph.org/ands/952606,researchgraph.org/ands/14189,hasAssociationWith
researchgraph.org/ands/952609,researchgraph.org/ands/14189,hasAssociationWith
researchgraph.org/ands/954343,researchgraph.org/ands/14189,hasAssociationWith
researchgraph.org/ands/954346,researchgraph.org/ands/14189,hasAssociationWith
researchgraph.org/ands/954349,researchgraph.org/ands/14189,hasAssociationWith
researchgraph.org/ands/954352,researchgraph.org/ands/14189,hasAssociationWith
researchgraph.org/ands/954355,researchgraph.org/ands/14189,hasAssociationWith
researchgraph.org/ands/954358,researchgraph.org/ands/14189,hasAssociationWith
researchgraph.org/ands/954361,researchgraph.org/ands/14189,hasAssociationWith
researchgraph.org/ands/980437,researchgraph.org/ands/14189,hasAssociationWith
researchgraph.org/ands/980443,researchgraph.org/ands/14189,hasAssociationWith
researchgraph.org/ands/992851,researchgraph.org/ands/14189,hasAssociationWith
researchgraph.org/ands/992854,researchgraph.org/ands/14189,hasAssociationWith
researchgraph.org/ands/1306474,researchgraph.org/ands/14189,hasAssociationWith
researchgraph.org/ands/1306477,researchgraph.org/ands/14189,hasAssociationWith
researchgraph.org/ands/1306480,researchgraph.org/ands/14189,hasAssociationWith
researchgraph.org/ands/1306483,researchgraph.org/ands/14189,hasAssociationWith
researchgraph.org/ands/1306486,researchgraph.org/ands/14189,hasAssociationWith
researchgraph.org/ands/1306489,researchgraph.org/ands/14189,hasAssociationWith
researchgraph.org/ands/1306492,researchgraph.org/ands/14189,hasAssociationWith
researchgraph.org/ands/1307137,researchgraph.org/ands/14189,hasAssociationWith
researchgraph.org/ands/1307140,researchgraph.org/ands/14189,hasAssociationWith
researchgraph.org/ands/1307611,researchgraph.org/ands/14189,hasAssociationWith
researchgraph.org/ands/1308565,researchgraph.org/ands/14189,hasAssociationWith
researchgraph.org/ands/1308568,researchgraph.org/ands/14189,hasAssociationWith
researchgraph.org/ands/1325227,researchgraph.org/ands/14189,hasAssociationWith
researchgraph.org/ands/1325230,researchgraph.org/ands/14189,hasAssociationWith
researchgraph.org/ands/1325926,researchgraph.org/ands/14189,hasAssociationWith
researchgraph.org/ands/1329426,researchgraph.org/ands/14189,hasAssociationWith
researchgraph.org/ands/463893,researchgraph.org/ands/14189,hasAssociationWith
researchgraph.org/ands/619203,researchgraph.org/ands/14189,hasAssociationWith
researchgraph.org/ands/639746,researchgraph.org/ands/14189,hasAssociationWith
researchgraph.org/ands/468566,researchgraph.org/ands/14189,hasAssociationWith
researchgraph.org/ands/1329884,researchgraph.org/ands/14189,hasAssociationWith
researchgraph.org/ands/939332,researchgraph.org/ands/14189,hasAssociationWith
researchgraph.org/ands/939329,researchgraph.org/ands/14189,hasAssociationWith
researchgraph.org/ands/468250,researchgraph.org/ands/14189,hasAssociationWith
researchgraph.org/ands/619227,researchgraph.org/ands/14189,hasAssociationWith
researchgraph.org/ands/639748,researchgraph.org/ands/14189,hasAssociationWith
researchgraph.org/ands/980707,researchgraph.org/ands/17722,isMemberOf
researchgraph.org/ands/14188,researchgraph.org/ands/14189,hasAssociationWith
researchgraph.org/ands/14123,researchgraph.org/ands/14189,hasAssociationWith
researchgraph.org/ands/14103,researchgraph.org/ands/14189,hasAssociationWith
researchgraph.org/ands/14211,researchgraph.org/ands/14189,hasAssociationWith
researchgraph.org/ands/14102,researchgraph.org/ands/14189,hasAssociationWith
researchgraph.org/ands/981958,researchgraph.org/ands/14189,hasAssociationWith
researchgraph.org/ands/1330579,researchgraph.org/ands/17722,isMemberOf
researchgraph.org/ands/938303,researchgraph.org/ands/17722,isMemberOf
researchgraph.org/ands/1330464,researchgraph.org/ands/14189,hasAssociationWith
researchgraph.org/ands/980434,researchgraph.org/ands/14189,hasAssociationWith
researchgraph.org/ands/981955,researchgraph.org/ands/14189,hasAssociationWith
researchgraph.org/ands/980440,researchgraph.org/ands/14189,hasAssociationWith
researchgraph.org/ands/981952,researchgraph.org/ands/14189,hasAssociationWith
researchgraph.org/ands/1330588,researchgraph.org/ands/17722,isMemberOf
researchgraph.org/ands/1324288,researchgraph.org/ands/17722,isMemberOf
researchgraph.org/ands/1328091,researchgraph.org/ands/17722,isMemberOf
researchgraph.org/ands/1328095,researchgraph.org/ands/17722,isMemberOf
researchgraph.org/ands/815690,researchgraph.org/ands/17722,isMemberOf
researchgraph.org/ands/815689,researchgraph.org/ands/17722,isMemberOf
researchgraph.org/ands/341209,researchgraph.org/ands/341215,hasAssociationWith
researchgraph.org/ands/341199,researchgraph.org/ands/341215,hasAssociationWith
researchgraph.org/ands/341202,researchgraph.org/ands/341215,hasAssociationWith
researchgraph.org/ands/1330681,researchgraph.org/ands/17722,isMemberOf
researchgraph.org/ands/1330580,researchgraph.org/ands/17722,isMemberOf
researchgraph.org/ands/1332043,researchgraph.org/ands/14189,hasAssociationWith
researchgraph.org/ands/987337,researchgraph.org/ands/17722,isMemberOf
researchgraph.org/ands/987340,researchgraph.org/ands/17722,isMemberOf
researchgraph.org/ands/1332000,researchgraph.org/ands/17722,isMemberOf
researchgraph.org/ands/1331995,researchgraph.org/ands/17722,isMemberOf
researchgraph.org/ands/316785,researchgraph.org/ands/17722,isMemberOf
researchgraph.org/ands/513125,researchgraph.org/ands/14189,hasAssociationWith
researchgraph.org/ands/1329635,researchgraph.org/ands/14189,hasAssociationWith
researchgraph.org/ands/513130,researchgraph.org/ands/14189,hasAssociationWith
researchgraph.org/ands/1329636,researchgraph.org/ands/14189,hasAssociationWith
researchgraph.org/ands/448397,researchgraph.org/ands/14189,hasAssociationWith
researchgraph.org/ands/14197,researchgraph.org/ands/14189,hasAssociationWith
researchgraph.org/ands/14138,researchgraph.org/ands/14189,hasAssociationWith
researchgraph.org/ands/14177,researchgraph.org/ands/14189,hasAssociationWith
researchgraph.org/ands/14140,researchgraph.org/ands/14189,hasAssociationWith
researchgraph.org/ands/14209,researchgraph.org/ands/14189,hasAssociationWith
researchgraph.org/ands/14133,researchgraph.org/ands/14189,hasAssociationWith
researchgraph.org/ands/14217,researchgraph.org/ands/14189,hasAssociationWith
researchgraph.org/ands/14113,researchgraph.org/ands/14189,hasAssociationWith
researchgraph.org/ands/14160,researchgraph.org/ands/14189,hasAssociationWith
researchgraph.org/ands/14112,researchgraph.org/ands/14189,hasAssociationWith
researchgraph.org/ands/14213,researchgraph.org/ands/14189,hasAssociationWith
researchgraph.org/ands/14214,researchgraph.org/ands/14189,hasAssociationWith
researchgraph.org/ands/14130,researchgraph.org/ands/14189,hasAssociationWith
researchgraph.org/ands/14192,researchgraph.org/ands/14189,hasAssociationWith
researchgraph.org/ands/14176,researchgraph.org/ands/14189,hasAssociationWith
researchgraph.org/ands/14184,researchgraph.org/ands/14189,hasAssociationWith
researchgraph.org/ands/14173,researchgraph.org/ands/14189,hasAssociationWith
researchgraph.org/ands/14169,researchgraph.org/ands/14189,hasAssociationWith
researchgraph.org/ands/14120,researchgraph.org/ands/14189,hasAssociationWith
researchgraph.org/ands/14159,researchgraph.org/ands/14189,hasAssociationWith
researchgraph.org/ands/14201,researchgraph.org/ands/14189,hasAssociationWith
researchgraph.org/ands/14183,researchgraph.org/ands/14189,hasAssociationWith
researchgraph.org/ands/14172,researchgraph.org/ands/14189,hasAssociationWith
researchgraph.org/ands/14154,researchgraph.org/ands/14189,hasAssociationWith
researchgraph.org/ands/448398,researchgraph.org/ands/14189,hasAssociationWith
researchgraph.org/ands/448394,researchgraph.org/ands/14189,hasAssociationWith
researchgraph.org/ands/14114,researchgraph.org/ands/14189,hasAssociationWith
researchgraph.org/ands/14181,researchgraph.org/ands/14189,hasAssociationWith
researchgraph.org/ands/14175,researchgraph.org/ands/14189,hasAssociationWith
researchgraph.org/ands/14186,researchgraph.org/ands/14189,hasAssociationWith
researchgraph.org/ands/14170,researchgraph.org/ands/14189,hasAssociationWith
researchgraph.org/ands/14164,researchgraph.org/ands/14189,hasAssociationWith
researchgraph.org/ands/14150,researchgraph.org/ands/14189,hasAssociationWith
researchgraph.org/ands/14149,researchgraph.org/ands/14189,hasAssociationWith
researchgraph.org/ands/14202,researchgraph.org/ands/14189,hasAssociationWith
researchgraph.org/ands/14119,researchgraph.org/ands/14189,hasAssociationWith
researchgraph.org/ands/14125,researchgraph.org/ands/14189,hasAssociationWith
researchgraph.org/ands/14124,researchgraph.org/ands/14189,hasAssociationWith
researchgraph.org/ands/14115,researchgraph.org/ands/14189,hasAssociationWith
researchgraph.org/ands/14205,researchgraph.org/ands/14189,hasAssociationWith
researchgraph.org/ands/14200,researchgraph.org/ands/14189,hasAssociationWith
researchgraph.org/ands/14198,researchgraph.org/ands/14189,hasAssociationWith
researchgraph.org/ands/14195,researchgraph.org/ands/14189,hasAssociationWith
researchgraph.org/ands/504970,researchgraph.org/ands/14189,hasAssociationWith
researchgraph.org/ands/504421,researchgraph.org/ands/14189,hasAssociationWith
researchgraph.org/ands/504420,researchgraph.org/ands/14189,hasAssociationWith
researchgraph.org/ands/14139,researchgraph.org/ands/14189,hasAssociationWith
researchgraph.org/ands/14137,researchgraph.org/ands/14189,hasAssociationWith
researchgraph.org/ands/14194,researchgraph.org/ands/14189,hasAssociationWith
researchgraph.org/ands/14156,researchgraph.org/ands/14189,hasAssociationWith
researchgraph.org/ands/14196,researchgraph.org/ands/14189,hasAssociationWith
researchgraph.org/ands/550005,researchgraph.org/ands/14189,hasAssociationWith
researchgraph.org/ands/14215,researchgraph.org/ands/14189,hasAssociationWith
researchgraph.org/ands/14161,researchgraph.org/ands/14189,hasAssociationWith
researchgraph.org/ands/14132,researchgraph.org/ands/14189,hasAssociationWith
researchgraph.org/ands/14199,researchgraph.org/ands/14189,hasAssociationWith
researchgraph.org/ands/14111,researchgraph.org/ands/14189,hasAssociationWith
researchgraph.org/ands/14107,researchgraph.org/ands/14189,hasAssociationWith
researchgraph.org/ands/14142,researchgraph.org/ands/14189,hasAssociationWith
researchgraph.org/ands/14162,researchgraph.org/ands/14189,hasAssociationWith
researchgraph.org/ands/14155,researchgraph.org/ands/14189,hasAssociationWith
researchgraph.org/ands/14141,researchgraph.org/ands/14189,hasAssociationWith
researchgraph.org/ands/14116,researchgraph.org/ands/14189,hasAssociationWith
researchgraph.org/ands/14135,researchgraph.org/ands/14189,hasAssociationWith
researchgraph.org/ands/14109,researchgraph.org/ands/14189,hasAssociationWith
researchgraph.org/ands/14143,researchgraph.org/ands/14189,hasAssociationWith
researchgraph.org/ands/14158,researchgraph.org/ands/14189,hasAssociationWith
researchgraph.org/ands/14157,researchgraph.org/ands/14189,hasAssociationWith
researchgraph.org/ands/516495,researchgraph.org/ands/14189,hasAssociationWith
researchgraph.org/ands/1849,researchgraph.org/ands/341215,hasAssociationWith
